observation_id,reference_id,reason,pixels,tp_pixels,fp_pixels,surviving_tp_pixels,surviving_fp_pixels
20251214T142421Z,primary_raw_egs_reference,normal_terrain,448,125,323,114,158
20251214T142421Z,primary_raw_egs_reference,terrain_exception,27,12,15,12,13
20251214T142421Z,primary_raw_egs_reference,terrain_rejected,964,53,911,0,0
20251214T142421Z,legacy_phase4_reference,normal_terrain,448,134,314,122,150
20251214T142421Z,legacy_phase4_reference,terrain_exception,27,14,13,14,11
20251214T142421Z,legacy_phase4_reference,terrain_rejected,964,52,912,0,0
20251215T015036Z,primary_raw_egs_reference,normal_terrain,460,238,222,202,94
20251215T015036Z,primary_raw_egs_reference,terrain_exception,42,34,8,33,7
20251215T015036Z,primary_raw_egs_reference,terrain_rejected,1089,187,902,0,0
20251215T015036Z,legacy_phase4_reference,normal_terrain,460,274,186,226,70
20251215T015036Z,legacy_phase4_reference,terrain_exception,42,36,6,35,5
20251215T015036Z,legacy_phase4_reference,terrain_rejected,1089,188,901,0,0
20251217T141634Z,primary_raw_egs_reference,normal_terrain,455,204,251,185,101
20251217T141634Z,primary_raw_egs_reference,terrain_exception,26,13,13,13,13
20251217T141634Z,primary_raw_egs_reference,terrain_rejected,668,128,540,0,0
20251217T141634Z,legacy_phase4_reference,normal_terrain,455,220,235,205,81
20251217T141634Z,legacy_phase4_reference,terrain_exception,26,12,14,12,14
20251217T141634Z,legacy_phase4_reference,terrain_rejected,668,138,530,0,0
20251219T015011Z,primary_raw_egs_reference,normal_terrain,452,152,300,139,150
20251219T015011Z,primary_raw_egs_reference,terrain_exception,38,11,27,11,23
20251219T015011Z,primary_raw_egs_reference,terrain_rejected,978,94,884,0,0
20251219T015011Z,legacy_phase4_reference,normal_terrain,452,166,286,150,139
20251219T015011Z,legacy_phase4_reference,terrain_exception,38,12,26,12,22
20251219T015011Z,legacy_phase4_reference,terrain_rejected,978,94,884,0,0
20251221T141646Z,primary_raw_egs_reference,normal_terrain,385,136,249,132,96
20251221T141646Z,primary_raw_egs_reference,terrain_exception,29,14,15,14,15
20251221T141646Z,primary_raw_egs_reference,terrain_rejected,761,51,710,0,0
20251221T141646Z,legacy_phase4_reference,normal_terrain,385,150,235,148,80
20251221T141646Z,legacy_phase4_reference,terrain_exception,29,13,16,13,16
20251221T141646Z,legacy_phase4_reference,terrain_rejected,761,48,713,0,0
