observation_id,reference_id,reason,pixels,tp_pixels,fp_pixels
20251214T142421Z,primary_raw_egs_reference,normal_component,271,119,152
20251214T142421Z,primary_raw_egs_reference,small_component_retained,26,7,19
20251214T142421Z,primary_raw_egs_reference,cleanup_removed,178,11,167
20251214T142421Z,primary_raw_egs_reference,permanent_subtraction,9644,23,9621
20251214T142421Z,legacy_phase4_reference,normal_component,271,127,144
20251214T142421Z,legacy_phase4_reference,small_component_retained,26,9,17
20251214T142421Z,legacy_phase4_reference,cleanup_removed,178,12,166
20251214T142421Z,legacy_phase4_reference,permanent_subtraction,9644,0,9644
20251215T015036Z,primary_raw_egs_reference,normal_component,291,208,83
20251215T015036Z,primary_raw_egs_reference,small_component_retained,45,27,18
20251215T015036Z,primary_raw_egs_reference,cleanup_removed,166,37,129
20251215T015036Z,primary_raw_egs_reference,permanent_subtraction,9680,44,9636
20251215T015036Z,legacy_phase4_reference,normal_component,291,223,68
20251215T015036Z,legacy_phase4_reference,small_component_retained,45,38,7
20251215T015036Z,legacy_phase4_reference,cleanup_removed,166,49,117
20251215T015036Z,legacy_phase4_reference,permanent_subtraction,9680,0,9680
20251217T141634Z,primary_raw_egs_reference,normal_component,289,192,97
20251217T141634Z,primary_raw_egs_reference,small_component_retained,23,6,17
20251217T141634Z,primary_raw_egs_reference,cleanup_removed,169,19,150
20251217T141634Z,primary_raw_egs_reference,permanent_subtraction,9796,16,9780
20251217T141634Z,legacy_phase4_reference,normal_component,289,211,78
20251217T141634Z,legacy_phase4_reference,small_component_retained,23,6,17
20251217T141634Z,legacy_phase4_reference,cleanup_removed,169,15,154
20251217T141634Z,legacy_phase4_reference,permanent_subtraction,9796,0,9796
20251219T015011Z,primary_raw_egs_reference,normal_component,296,144,152
20251219T015011Z,primary_raw_egs_reference,small_component_retained,27,6,21
20251219T015011Z,primary_raw_egs_reference,cleanup_removed,167,13,154
20251219T015011Z,primary_raw_egs_reference,permanent_subtraction,9628,24,9604
20251219T015011Z,legacy_phase4_reference,normal_component,296,155,141
20251219T015011Z,legacy_phase4_reference,small_component_retained,27,7,20
20251219T015011Z,legacy_phase4_reference,cleanup_removed,167,16,151
20251219T015011Z,legacy_phase4_reference,permanent_subtraction,9628,0,9628
20251221T141646Z,primary_raw_egs_reference,normal_component,240,141,99
20251221T141646Z,primary_raw_egs_reference,small_component_retained,17,5,12
20251221T141646Z,primary_raw_egs_reference,cleanup_removed,157,4,153
20251221T141646Z,primary_raw_egs_reference,permanent_subtraction,9682,21,9661
20251221T141646Z,legacy_phase4_reference,normal_component,240,156,84
20251221T141646Z,legacy_phase4_reference,small_component_retained,17,5,12
20251221T141646Z,legacy_phase4_reference,cleanup_removed,157,2,155
20251221T141646Z,legacy_phase4_reference,permanent_subtraction,9682,0,9682
