observation_id,reference_id,contribution,pixels,tp_pixels,fp_pixels,area_ha
20251214T142421Z,primary_raw_egs_reference,terrain_net_additions,16,10,6,1.44
20251214T142421Z,primary_raw_egs_reference,terrain_net_removals,0,0,0,0.0
20251214T142421Z,primary_raw_egs_reference,small_component_additions,26,7,19,2.34
20251214T142421Z,primary_raw_egs_reference,final_vs_rf_v1_net_additions,42,17,25,3.78
20251214T142421Z,legacy_phase4_reference,terrain_net_additions,16,10,6,1.44
20251214T142421Z,legacy_phase4_reference,terrain_net_removals,0,0,0,0.0
20251214T142421Z,legacy_phase4_reference,small_component_additions,26,9,17,2.34
20251214T142421Z,legacy_phase4_reference,final_vs_rf_v1_net_additions,42,19,23,3.78
20251215T015036Z,primary_raw_egs_reference,terrain_net_additions,20,17,3,1.7999999999999998
20251215T015036Z,primary_raw_egs_reference,terrain_net_removals,0,0,0,0.0
20251215T015036Z,primary_raw_egs_reference,small_component_additions,45,27,18,4.05
20251215T015036Z,primary_raw_egs_reference,final_vs_rf_v1_net_additions,65,44,21,5.85
20251215T015036Z,legacy_phase4_reference,terrain_net_additions,20,19,1,1.7999999999999998
20251215T015036Z,legacy_phase4_reference,terrain_net_removals,0,0,0,0.0
20251215T015036Z,legacy_phase4_reference,small_component_additions,45,38,7,4.05
20251215T015036Z,legacy_phase4_reference,final_vs_rf_v1_net_additions,65,57,8,5.85
20251217T141634Z,primary_raw_egs_reference,terrain_net_additions,13,12,1,1.17
20251217T141634Z,primary_raw_egs_reference,terrain_net_removals,0,0,0,0.0
20251217T141634Z,primary_raw_egs_reference,small_component_additions,23,6,17,2.07
20251217T141634Z,primary_raw_egs_reference,final_vs_rf_v1_net_additions,36,18,18,3.2399999999999998
20251217T141634Z,legacy_phase4_reference,terrain_net_additions,13,11,2,1.17
20251217T141634Z,legacy_phase4_reference,terrain_net_removals,0,0,0,0.0
20251217T141634Z,legacy_phase4_reference,small_component_additions,23,6,17,2.07
20251217T141634Z,legacy_phase4_reference,final_vs_rf_v1_net_additions,36,17,19,3.2399999999999998
20251219T015011Z,primary_raw_egs_reference,terrain_net_additions,14,8,6,1.26
20251219T015011Z,primary_raw_egs_reference,terrain_net_removals,0,0,0,0.0
20251219T015011Z,primary_raw_egs_reference,small_component_additions,27,6,21,2.4299999999999997
20251219T015011Z,primary_raw_egs_reference,final_vs_rf_v1_net_additions,41,14,27,3.69
20251219T015011Z,legacy_phase4_reference,terrain_net_additions,14,8,6,1.26
20251219T015011Z,legacy_phase4_reference,terrain_net_removals,0,0,0,0.0
20251219T015011Z,legacy_phase4_reference,small_component_additions,27,7,20,2.4299999999999997
20251219T015011Z,legacy_phase4_reference,final_vs_rf_v1_net_additions,41,15,26,3.69
20251221T141646Z,primary_raw_egs_reference,terrain_net_additions,24,14,10,2.16
20251221T141646Z,primary_raw_egs_reference,terrain_net_removals,0,0,0,0.0
20251221T141646Z,primary_raw_egs_reference,small_component_additions,17,5,12,1.53
20251221T141646Z,primary_raw_egs_reference,final_vs_rf_v1_net_additions,41,19,22,3.69
20251221T141646Z,legacy_phase4_reference,terrain_net_additions,24,13,11,2.16
20251221T141646Z,legacy_phase4_reference,terrain_net_removals,0,0,0,0.0
20251221T141646Z,legacy_phase4_reference,small_component_additions,17,5,12,1.53
20251221T141646Z,legacy_phase4_reference,final_vs_rf_v1_net_additions,41,18,23,3.69
