observation_id,reference_id,error,pixels,area_ha,mean_score
20251214T142421Z,primary_raw_egs_reference,FP,171,15.389999999999999,0.775413990020752
20251214T142421Z,primary_raw_egs_reference,FN,102,9.18,0.7837240099906921
20251214T142421Z,legacy_phase4_reference,FP,161,14.49,0.7574740648269653
20251214T142421Z,legacy_phase4_reference,FN,77,6.93,0.7780359387397766
20251215T015036Z,primary_raw_egs_reference,FP,101,9.09,0.7844753265380859
20251215T015036Z,primary_raw_egs_reference,FN,330,29.7,0.6905376315116882
20251215T015036Z,legacy_phase4_reference,FP,75,6.75,0.7415716648101807
20251215T015036Z,legacy_phase4_reference,FN,302,27.18,0.662224292755127
20251217T141634Z,primary_raw_egs_reference,FP,114,10.26,0.7613949775695801
20251217T141634Z,primary_raw_egs_reference,FN,209,18.81,0.7193669676780701
20251217T141634Z,legacy_phase4_reference,FP,95,8.549999999999999,0.7466018795967102
20251217T141634Z,legacy_phase4_reference,FN,197,17.73,0.6996209025382996
20251219T015011Z,primary_raw_egs_reference,FP,173,15.57,0.7913402318954468
20251219T015011Z,primary_raw_egs_reference,FN,175,15.75,0.6662209033966064
20251219T015011Z,legacy_phase4_reference,FP,161,14.49,0.7777295112609863
20251219T015011Z,legacy_phase4_reference,FN,161,14.49,0.6213603615760803
20251221T141646Z,primary_raw_egs_reference,FP,111,9.99,0.7648535370826721
20251221T141646Z,primary_raw_egs_reference,FN,89,8.01,0.7901985049247742
20251221T141646Z,legacy_phase4_reference,FP,96,8.64,0.7432534694671631
20251221T141646Z,legacy_phase4_reference,FN,67,6.029999999999999,0.7313034534454346
