tp_pixels,fp_pixels,fn_pixels,tn_pixels,precision,recall,f1,iou,predicted_area_ha,reference_area_ha,area_bias_ha,area_bias_pct,false_positive_area_ha,false_negative_area_ha,boundary_f1_30m,boundary_f1_60m,observation_id,mode_group,method_id,reference_id
109,146,119,39626,0.42745098039215684,0.4780701754385965,0.45134575569358176,0.2914438502673797,22.95,20.52,2.4299999999999997,11.842105263157894,13.139999999999999,10.709999999999999,0.5881639162390792,0.6694550487459885,20251214T142421Z,stripmap16_desc,phase3b_rf_v1,primary_raw_egs_reference
117,138,96,39649,0.4588235294117647,0.5492957746478874,0.5,0.3333333333333333,22.95,19.169999999999998,3.780000000000001,19.71830985915494,12.42,8.64,0.6053748728204048,0.6826903655827106,20251214T142421Z,stripmap16_desc,phase3b_rf_v1,legacy_phase4_reference
191,80,374,39355,0.7047970479704797,0.3380530973451327,0.45693779904306214,0.2961240310077519,24.39,50.85,-26.46,-52.0353982300885,7.199999999999999,33.66,0.5540874625912301,0.6089821016800263,20251215T015036Z,scansar30_asc,phase3b_rf_v1,primary_raw_egs_reference
204,67,359,39370,0.7527675276752768,0.3623445825932504,0.4892086330935252,0.3238095238095238,24.39,50.669999999999995,-26.279999999999994,-51.865008880994665,6.029999999999999,32.31,0.5676357267950963,0.6142553770759597,20251215T015036Z,scansar30_asc,phase3b_rf_v1,legacy_phase4_reference
180,96,227,39497,0.6521739130434783,0.44226044226044225,0.5270863836017569,0.35785288270377735,24.84,36.629999999999995,-11.789999999999996,-32.18673218673218,8.64,20.43,0.6402063668874949,0.6987383890198253,20251217T141634Z,stripmap16_desc,phase3b_rf_v1,primary_raw_egs_reference
200,76,214,39510,0.7246376811594203,0.4830917874396135,0.5797101449275361,0.40816326530612246,24.84,37.26,-12.419999999999998,-33.33333333333333,6.84,19.259999999999998,0.6655844155844156,0.7126170307623718,20251217T141634Z,stripmap16_desc,phase3b_rf_v1,legacy_phase4_reference
136,146,189,39529,0.48226950354609927,0.41846153846153844,0.4481054365733113,0.28874734607218683,25.38,29.25,-3.870000000000001,-13.230769230769235,13.139999999999999,17.009999999999998,0.5719844357976653,0.6080213842130126,20251219T015011Z,scansar30_asc,phase3b_rf_v1,primary_raw_egs_reference
147,135,176,39542,0.5212765957446809,0.4551083591331269,0.4859504132231405,0.32096069868995636,25.38,29.07,-3.6900000000000013,-12.693498452012388,12.15,15.84,0.5824597108171428,0.6213803276143157,20251219T015011Z,scansar30_asc,phase3b_rf_v1,legacy_phase4_reference
127,89,108,39676,0.5879629629629629,0.5404255319148936,0.5631929046563192,0.39197530864197533,19.439999999999998,21.15,-1.7100000000000009,-8.085106382978728,8.01,9.719999999999999,0.7153982784533406,0.7967305782598733,20251221T141646Z,stripmap16_desc,phase3b_rf_v1,primary_raw_egs_reference
143,73,85,39699,0.6620370370370371,0.6271929824561403,0.6441441441441441,0.4750830564784053,19.439999999999998,20.52,-1.0800000000000018,-5.263157894736851,6.569999999999999,7.6499999999999995,0.7501505721742623,0.8193084455324358,20251221T141646Z,stripmap16_desc,phase3b_rf_v1,legacy_phase4_reference
