observation_id,beam_mode,mode_group,representation,polarization,units,count,p1,p5,median,p95,p99,min,max
20251214T142421Z,16M9,stripmap16_desc,Gamma,HH,linear_power,40000,0.005221930355764926,0.007236776174977422,0.16366205364465714,0.4847469195723525,1.0676465833187103,0.0024143075570464134,53.90361404418945
20251214T142421Z,16M9,stripmap16_desc,Gamma,HH,dB,40000,-22.821689395904542,-21.40454912185669,-7.860520362854004,-3.1448494911193925,0.28427514940500276,-26.172073364257812,17.316179275512695
20251214T142421Z,16M9,stripmap16_desc,Gamma,HV,linear_power,40000,0.001432115121278912,0.0018579794210381805,0.03119668085128069,0.1015111982822418,0.20429591909050956,0.0008954070508480072,5.369441986083984
20251214T142421Z,16M9,stripmap16_desc,Gamma,HV,dB,40000,-28.440221481323242,-27.30959234237671,-15.058916091918945,-9.934860372543335,-6.89740344047546,-30.479795455932617,7.299291610717773
20251214T142421Z,16M9,stripmap16_desc,Sigma,HH,linear_power,40000,0.0042844338342547415,0.005934460368007421,0.13432873785495758,0.3980706363916396,0.8741428637504607,0.0019807179924100637,44.30192947387695
20251214T142421Z,16M9,stripmap16_desc,Sigma,HH,dB,40000,-23.681066608428956,-22.26618595123291,-8.718310832977295,-4.000398588180543,-0.5841759109496925,-27.031774520874023,16.46422576904297
20251214T142421Z,16M9,stripmap16_desc,Sigma,HV,linear_power,40000,0.001173914623213932,0.0015245068760123103,0.025584046728909016,0.0833125751465559,0.16758894935250315,0.0007363251061178744,4.415864944458008
20251214T142421Z,16M9,stripmap16_desc,Sigma,HV,dB,40000,-29.303633079528808,-28.168705940246582,-15.920307636260986,-10.79289469718933,-7.7575461339950476,-31.329303741455078,6.450157642364502
20251215T015036Z,SC30MB,scansar30_asc,Gamma,HH,linear_power,40000,0.0055272080190479755,0.008438375126570464,0.18783269822597504,0.5868816167116163,1.5821610593795796,0.0024827669840306044,107.41883850097656
20251215T015036Z,SC30MB,scansar30_asc,Gamma,HH,dB,40000,-22.574940280914305,-20.73741235733032,-7.2622880935668945,-2.3144949555397045,1.992506865262991,-26.050642013549805,20.31080436706543
20251215T015036Z,SC30MB,scansar30_asc,Gamma,HV,linear_power,40000,0.0011323741404339672,0.0016157242760527879,0.035768620669841766,0.11095463596284376,0.19903513416647925,0.0005563378217630088,7.7314453125
20251215T015036Z,SC30MB,scansar30_asc,Gamma,HV,dB,40000,-29.46009910583496,-27.916328525543214,-14.464978694915771,-9.54854502677918,-7.010702519416806,-32.54661178588867,8.882606506347656
20251215T015036Z,SC30MB,scansar30_asc,Sigma,HH,linear_power,40000,0.004776694783940911,0.0072894210927188395,0.16229397058486938,0.5063781976699827,1.3636614131927551,0.002145667327567935,92.67609405517578
20251215T015036Z,SC30MB,scansar30_asc,Sigma,HH,dB,40000,-23.208724994659423,-21.373068809509277,-7.8969762325286865,-2.9552499532699605,1.3470654618740274,-26.684377670288086,19.669677734375
20251215T015036Z,SC30MB,scansar30_asc,Sigma,HV,linear_power,40000,0.0009784625435713679,0.0013959500414784999,0.03088682796806097,0.09580280445516084,0.17191125184297593,0.0004812536062672734,6.66900110244751
20251215T015036Z,SC30MB,scansar30_asc,Sigma,HV,dB,40000,-30.09455669403076,-28.55130214691162,-15.102267265319824,-10.186218118667613,-7.646957302093498,-33.17626190185547,8.240608215332031
20251217T141634Z,16M16,stripmap16_desc,Gamma,HH,linear_power,40000,0.006342870094813407,0.00972998682409525,0.12003305926918983,0.42338850200176215,1.005789266824724,0.0029170960187911987,164.70533752441406
20251217T141634Z,16M16,stripmap16_desc,Gamma,HH,dB,40000,-21.9771427154541,-20.118877601623534,-9.206991195678711,-3.7326094031333947,0.02506995255128292,-25.350492477416992,22.167076110839844
20251217T141634Z,16M16,stripmap16_desc,Gamma,HV,linear_power,40000,0.0015260000294074416,0.0020451383548788725,0.023288102820515633,0.0892438061535358,0.16281317353248803,0.0008729418623261154,3.550320863723755
20251217T141634Z,16M16,stripmap16_desc,Gamma,HV,dB,40000,-28.164454021453857,-26.892773246765138,-16.328659057617188,-10.49421844482422,-7.883105568885749,-30.59014892578125,5.502676010131836
20251217T141634Z,16M16,stripmap16_desc,Sigma,HH,linear_power,40000,0.004518172009848058,0.006932300748303533,0.08556217327713966,0.3018299728631973,0.7177998781204233,0.002075538272038102,117.2879409790039
20251217T141634Z,16M16,stripmap16_desc,Sigma,HH,dB,40000,-23.45037120819092,-21.591225242614748,-10.677181720733643,-5.202376484870911,-1.4399662208557067,-26.828691482543945,20.692535400390625
20251217T141634Z,16M16,stripmap16_desc,Sigma,HV,linear_power,40000,0.0010885246458929032,0.0014573118591215462,0.016606716439127922,0.06362723782658573,0.11610844567418221,0.0006210812134668231,2.5372209548950195
20251217T141634Z,16M16,stripmap16_desc,Sigma,HV,dB,40000,-29.63161849975586,-28.364475440979003,-17.79716205596924,-11.963569831848147,-9.3513628673553,-32.06851577758789,4.043582916259766
20251219T015011Z,SC30MB,scansar30_asc,Gamma,HH,linear_power,40000,0.006297586867585778,0.019622147548943758,0.16189852356910706,0.5108412146568291,1.1940654277801541,0.0022379555739462376,75.53126525878906
20251219T015011Z,SC30MB,scansar30_asc,Gamma,HH,dB,40000,-22.008258152008057,-17.072533702850343,-7.907571315765381,-2.9171406030654974,0.7702812284231284,-26.50148582458496,18.781267166137695
20251219T015011Z,SC30MB,scansar30_asc,Gamma,HV,linear_power,40000,0.0011401896981988102,0.0016021238174289466,0.02929773647338152,0.0930985510349273,0.15433318927884104,0.0005520804552361369,8.286406517028809
20251219T015011Z,SC30MB,scansar30_asc,Gamma,HV,dB,40000,-29.430228214263916,-27.9530387878418,-15.331659317016602,-10.310571527481082,-8.115406608581543,-32.57997512817383,9.183662414550781
20251219T015011Z,SC30MB,scansar30_asc,Sigma,HH,linear_power,40000,0.00545214087702334,0.016949010081589222,0.13984999060630798,0.440552097558974,1.0300153577327733,0.0019373598042875528,65.16075134277344
20251219T015011Z,SC30MB,scansar30_asc,Sigma,HH,dB,40000,-22.634328479766847,-17.708556938171387,-8.543375492095947,-3.5600272536277893,0.12843700692057824,-27.127897262573242,18.139860153198242
20251219T015011Z,SC30MB,scansar30_asc,Sigma,HV,linear_power,40000,0.0009848388307727874,0.0013839273306075484,0.025300024077296257,0.08031200394034382,0.13299376338720323,0.00047783562331460416,7.147432804107666
20251219T015011Z,SC30MB,scansar30_asc,Sigma,HV,dB,40000,-30.06634990692139,-28.588866901397704,-15.968791007995605,-10.95219569206238,-8.761687021255492,-33.20721435546875,8.541500091552734
20251221T141646Z,16M16,stripmap16_desc,Gamma,HH,linear_power,40000,0.0044320340594276786,0.005800388241186738,0.1286873295903206,0.4426536500453944,1.15642933249474,0.002453582128509879,193.5285186767578
20251221T141646Z,16M16,stripmap16_desc,Gamma,HH,dB,40000,-23.533967971801758,-22.36542901992798,-8.904642105102539,-3.539359498023991,0.6311908596754231,-26.101993560791016,22.867450714111328
20251221T141646Z,16M16,stripmap16_desc,Gamma,HV,linear_power,40000,0.0012491700623650105,0.0016273725253995509,0.024413789622485638,0.09075861014425753,0.1667544797062879,0.0007288598571904004,3.373365640640259
20251221T141646Z,16M16,stripmap16_desc,Gamma,HV,dB,40000,-29.033784294128417,-27.885128688812255,-16.123648643493652,-10.42112135887146,-7.779225220680223,-31.373559951782227,5.280633926391602
20251221T141646Z,16M16,stripmap16_desc,Sigma,HH,linear_power,40000,0.003159614680334926,0.004135430790483952,0.09171880036592484,0.3156830191612241,0.8253194558620486,0.0017446718411520123,137.80445861816406
20251221T141646Z,16M16,stripmap16_desc,Sigma,HH,dB,40000,-25.00365867614746,-23.834794330596925,-10.375416278839111,-5.007487893104557,-0.8337792885303323,-27.582862854003906,21.39263153076172
20251221T141646Z,16M16,stripmap16_desc,Sigma,HV,linear_power,40000,0.0008899002196267247,0.0011597839009482413,0.017398766241967678,0.06464306563138958,0.11878560222685346,0.0005183648318052292,2.4106028079986572
20251221T141646Z,16M16,stripmap16_desc,Sigma,HV,dB,40000,-30.506585865020753,-29.35622844696045,-17.594815254211426,-11.894780731201175,-9.252361536025997,-32.85364532470703,3.821256399154663
