observation_id,timestamp_utc,platform,product_id,beam_mode,mode_group,nominal_resolution_m,sampled_pixel_spacing_m,orbit_direction,relative_orbit,polarizations,incidence_min_deg,incidence_max_deg,source_product,product_xml,hashfile,product_format,input_bytes,input_product_hash,vendor_checksum_verified,pilot_id,egs_observation_id
20251213T141623Z,2025-12-13T14:16:23.964000Z,RCM-1,3952416_1,16M16,stripmap16_desc,16.0,6.25,Descending,,HH HV,44.28614926746252,46.09061694428819,/Users/josephdum5pro/Documents/Dalhousie University/Computer Science/2026-9 Fall/2026 Space Hackathon/earth-in-motion-web/data/raw/rcm_level1/RCM1_OK3949674_PK3952416_1_16M16_20251213_141623_HH_HV_GRD,/Users/josephdum5pro/Documents/Dalhousie University/Computer Science/2026-9 Fall/2026 Space Hackathon/earth-in-motion-web/data/raw/rcm_level1/RCM1_OK3949674_PK3952416_1_16M16_20251213_141623_HH_HV_GRD/RCM1_OK3949674_PK3952416_1_16M16_20251213_141623_HH_HV_GRD/metadata/product.xml,/Users/josephdum5pro/Documents/Dalhousie University/Computer Science/2026-9 Fall/2026 Space Hackathon/earth-in-motion-web/data/raw/rcm_level1/RCM1_OK3949674_PK3952416_1_16M16_20251213_141623_HH_HV_GRD/hashfile,GRD,207884556,1d68de09a1ffd9006c4562c43c40ce36a33ea8c492b743ae9376ed041778e420,True,,
20251214T014240Z,2025-12-14T01:42:40.271000Z,RCM-3,3953004_1,SC30MA,scansar30_asc,30.0,12.5,Ascending,,HH HV,17.10032061741635,28.86517623810087,/Users/josephdum5pro/Documents/Dalhousie University/Computer Science/2026-9 Fall/2026 Space Hackathon/earth-in-motion-web/data/raw/rcm_level1/RCM3_OK3949588_PK3953004_1_SC30MA_20251214_014240_HH_HV_GRD,/Users/josephdum5pro/Documents/Dalhousie University/Computer Science/2026-9 Fall/2026 Space Hackathon/earth-in-motion-web/data/raw/rcm_level1/RCM3_OK3949588_PK3953004_1_SC30MA_20251214_014240_HH_HV_GRD/RCM3_OK3949588_PK3953004_1_SC30MA_20251214_014240_HH_HV_GRD/metadata/product.xml,/Users/josephdum5pro/Documents/Dalhousie University/Computer Science/2026-9 Fall/2026 Space Hackathon/earth-in-motion-web/data/raw/rcm_level1/RCM3_OK3949588_PK3953004_1_SC30MA_20251214_014240_HH_HV_GRD/hashfile,GRD,223580892,67123875a1bf3185007ad28d657c754df1d16da33a7e324865a4ad29624f9cd2,True,,
20251214T142421Z,2025-12-14T14:24:21.125000Z,RCM-1,3953976_1,16M9,stripmap16_desc,16.0,6.25,Descending,,HH HV,33.54958366582274,35.90020692906096,/Users/josephdum5pro/Documents/Dalhousie University/Computer Science/2026-9 Fall/2026 Space Hackathon/earth-in-motion-web/data/raw/rcm_level1/RCM1_OK3949674_PK3953976_1_16M9_20251214_142421_HH_HV_GRD,/Users/josephdum5pro/Documents/Dalhousie University/Computer Science/2026-9 Fall/2026 Space Hackathon/earth-in-motion-web/data/raw/rcm_level1/RCM1_OK3949674_PK3953976_1_16M9_20251214_142421_HH_HV_GRD/RCM1_OK3949674_PK3953976_1_16M9_20251214_142421_HH_HV_GRD/metadata/product.xml,/Users/josephdum5pro/Documents/Dalhousie University/Computer Science/2026-9 Fall/2026 Space Hackathon/earth-in-motion-web/data/raw/rcm_level1/RCM1_OK3949674_PK3953976_1_16M9_20251214_142421_HH_HV_GRD/hashfile,GRD,224191298,33ad7dc1bb12d634c11c1d682d694d1c9c051ff02dc67e4bc2b54d95c53fd52a,True,P01,OBS02
20251215T015036Z,2025-12-15T01:50:36.880000Z,RCM-3,3954839_1,SC30MB,scansar30_asc,30.0,12.5,Ascending,,HH HV,25.96844639346899,36.28562918977212,/Users/josephdum5pro/Documents/Dalhousie University/Computer Science/2026-9 Fall/2026 Space Hackathon/earth-in-motion-web/data/raw/rcm_level1/RCM3_OK3949588_PK3954839_1_SC30MB_20251215_015036_HH_HV_GRD,/Users/josephdum5pro/Documents/Dalhousie University/Computer Science/2026-9 Fall/2026 Space Hackathon/earth-in-motion-web/data/raw/rcm_level1/RCM3_OK3949588_PK3954839_1_SC30MB_20251215_015036_HH_HV_GRD/RCM3_OK3949588_PK3954839_1_SC30MB_20251215_015036_HH_HV_GRD/metadata/product.xml,/Users/josephdum5pro/Documents/Dalhousie University/Computer Science/2026-9 Fall/2026 Space Hackathon/earth-in-motion-web/data/raw/rcm_level1/RCM3_OK3949588_PK3954839_1_SC30MB_20251215_015036_HH_HV_GRD/hashfile,GRD,302591046,149c4ef60c384d3b36075a93fb6bc54254bd5281a717cab8f9dcc544e7f6dbd4,True,P02,OBS03
20251217T141634Z,2025-12-17T14:16:34.885000Z,RCM-2,3958888_1,16M16,stripmap16_desc,16.0,6.25,Descending,,HH HV,44.28072609726154,46.0904530197481,/Users/josephdum5pro/Documents/Dalhousie University/Computer Science/2026-9 Fall/2026 Space Hackathon/earth-in-motion-web/data/raw/rcm_level1/RCM2_OK3955802_PK3958888_1_16M16_20251217_141634_HH_HV_GRD,/Users/josephdum5pro/Documents/Dalhousie University/Computer Science/2026-9 Fall/2026 Space Hackathon/earth-in-motion-web/data/raw/rcm_level1/RCM2_OK3955802_PK3958888_1_16M16_20251217_141634_HH_HV_GRD/RCM2_OK3955802_PK3958888_1_16M16_20251217_141634_HH_HV_GRD/metadata/product.xml,/Users/josephdum5pro/Documents/Dalhousie University/Computer Science/2026-9 Fall/2026 Space Hackathon/earth-in-motion-web/data/raw/rcm_level1/RCM2_OK3955802_PK3958888_1_16M16_20251217_141634_HH_HV_GRD/hashfile,GRD,216974797,1fc00f2e2e75321d6d67e9b0f65be22b5a0ca8c433abcc01f8b536bc7d377213,True,P03,OBS05
20251218T014217Z,2025-12-18T01:42:17.706000Z,RCM-1,3959661_1,SC30MA,scansar30_asc,30.0,12.5,Ascending,,HH HV,17.10488151109411,28.8693176317127,/Users/josephdum5pro/Documents/Dalhousie University/Computer Science/2026-9 Fall/2026 Space Hackathon/earth-in-motion-web/data/raw/rcm_level1/RCM1_OK3955711_PK3959661_1_SC30MA_20251218_014217_HH_HV_GRD,/Users/josephdum5pro/Documents/Dalhousie University/Computer Science/2026-9 Fall/2026 Space Hackathon/earth-in-motion-web/data/raw/rcm_level1/RCM1_OK3955711_PK3959661_1_SC30MA_20251218_014217_HH_HV_GRD/RCM1_OK3955711_PK3959661_1_SC30MA_20251218_014217_HH_HV_GRD/metadata/product.xml,/Users/josephdum5pro/Documents/Dalhousie University/Computer Science/2026-9 Fall/2026 Space Hackathon/earth-in-motion-web/data/raw/rcm_level1/RCM1_OK3955711_PK3959661_1_SC30MA_20251218_014217_HH_HV_GRD/hashfile,GRD,223538218,407981d6919e283db727357112ba050b7960b7990bcc563306850e2951cb6ae3,True,,
20251218T142431Z,2025-12-18T14:24:31.822000Z,RCM-2,3960381_1,16M9,stripmap16_desc,16.0,6.25,Descending,,HH HV,33.54828592988044,35.89893651387534,/Users/josephdum5pro/Documents/Dalhousie University/Computer Science/2026-9 Fall/2026 Space Hackathon/earth-in-motion-web/data/raw/rcm_level1/RCM2_OK3955802_PK3960381_1_16M9_20251218_142431_HH_HV_GRD,/Users/josephdum5pro/Documents/Dalhousie University/Computer Science/2026-9 Fall/2026 Space Hackathon/earth-in-motion-web/data/raw/rcm_level1/RCM2_OK3955802_PK3960381_1_16M9_20251218_142431_HH_HV_GRD/RCM2_OK3955802_PK3960381_1_16M9_20251218_142431_HH_HV_GRD/metadata/product.xml,/Users/josephdum5pro/Documents/Dalhousie University/Computer Science/2026-9 Fall/2026 Space Hackathon/earth-in-motion-web/data/raw/rcm_level1/RCM2_OK3955802_PK3960381_1_16M9_20251218_142431_HH_HV_GRD/hashfile,GRD,226361209,60d2cb76670f28e26e9f68162f687c70353baf23cb60c7f3882bda181d4d3dab,True,,
20251219T015011Z,2025-12-19T01:50:11.416000Z,RCM-1,3961268_1,SC30MB,scansar30_asc,30.0,12.5,Ascending,,HH HV,25.96663380080312,36.28438115671293,/Users/josephdum5pro/Documents/Dalhousie University/Computer Science/2026-9 Fall/2026 Space Hackathon/earth-in-motion-web/data/raw/rcm_level1/RCM1_OK3955711_PK3961268_1_SC30MB_20251219_015011_HH_HV_GRD,/Users/josephdum5pro/Documents/Dalhousie University/Computer Science/2026-9 Fall/2026 Space Hackathon/earth-in-motion-web/data/raw/rcm_level1/RCM1_OK3955711_PK3961268_1_SC30MB_20251219_015011_HH_HV_GRD/RCM1_OK3955711_PK3961268_1_SC30MB_20251219_015011_HH_HV_GRD/metadata/product.xml,/Users/josephdum5pro/Documents/Dalhousie University/Computer Science/2026-9 Fall/2026 Space Hackathon/earth-in-motion-web/data/raw/rcm_level1/RCM1_OK3955711_PK3961268_1_SC30MB_20251219_015011_HH_HV_GRD/hashfile,GRD,311109637,6e677af0a827aac02d79afbabcfb936254e49ce7ece4e42326eaae9f5ac1f388,True,P04,OBS06
20251221T141646Z,2025-12-21T14:16:46.218000Z,RCM-3,3964604_1,16M16,stripmap16_desc,16.0,6.25,Descending,,HH HV,44.28166866336699,46.09101309526005,/Users/josephdum5pro/Documents/Dalhousie University/Computer Science/2026-9 Fall/2026 Space Hackathon/earth-in-motion-web/data/raw/rcm_level1/RCM3_OK3955802_PK3964604_1_16M16_20251221_141646_HH_HV_GRD,/Users/josephdum5pro/Documents/Dalhousie University/Computer Science/2026-9 Fall/2026 Space Hackathon/earth-in-motion-web/data/raw/rcm_level1/RCM3_OK3955802_PK3964604_1_16M16_20251221_141646_HH_HV_GRD/RCM3_OK3955802_PK3964604_1_16M16_20251221_141646_HH_HV_GRD/metadata/product.xml,/Users/josephdum5pro/Documents/Dalhousie University/Computer Science/2026-9 Fall/2026 Space Hackathon/earth-in-motion-web/data/raw/rcm_level1/RCM3_OK3955802_PK3964604_1_16M16_20251221_141646_HH_HV_GRD/hashfile,GRD,216931458,e45f1cb54cddd7cf04d20dec356be0fd808829af48613d125c4d01a0e4343039,True,P05,OBS07
20251222T014227Z,2025-12-22T01:42:27.846000Z,RCM-2,3965218_1,SC30MA,scansar30_asc,30.0,12.5,Ascending,,HH HV,17.1079094023104,28.87206867872812,/Users/josephdum5pro/Documents/Dalhousie University/Computer Science/2026-9 Fall/2026 Space Hackathon/earth-in-motion-web/data/raw/rcm_level1/RCM2_OK3955711_PK3965218_1_SC30MA_20251222_014227_HH_HV_GRD,/Users/josephdum5pro/Documents/Dalhousie University/Computer Science/2026-9 Fall/2026 Space Hackathon/earth-in-motion-web/data/raw/rcm_level1/RCM2_OK3955711_PK3965218_1_SC30MA_20251222_014227_HH_HV_GRD/RCM2_OK3955711_PK3965218_1_SC30MA_20251222_014227_HH_HV_GRD/metadata/product.xml,/Users/josephdum5pro/Documents/Dalhousie University/Computer Science/2026-9 Fall/2026 Space Hackathon/earth-in-motion-web/data/raw/rcm_level1/RCM2_OK3955711_PK3965218_1_SC30MA_20251222_014227_HH_HV_GRD/hashfile,GRD,223515769,fef9abc59e0d628f2fe5e43b00edc0200988833b99365ae9a1dad40eb5030ddc,True,,
20251223T015021Z,2025-12-23T01:50:21.484000Z,RCM-2,3966326_1,SC30MB,scansar30_asc,30.0,12.5,Ascending,,HH HV,25.96785852566456,36.28547912098508,/Users/josephdum5pro/Documents/Dalhousie University/Computer Science/2026-9 Fall/2026 Space Hackathon/earth-in-motion-web/data/raw/rcm_level1/RCM2_OK3962369_PK3966326_1_SC30MB_20251223_015021_HH_HV_GRD,/Users/josephdum5pro/Documents/Dalhousie University/Computer Science/2026-9 Fall/2026 Space Hackathon/earth-in-motion-web/data/raw/rcm_level1/RCM2_OK3962369_PK3966326_1_SC30MB_20251223_015021_HH_HV_GRD/RCM2_OK3962369_PK3966326_1_SC30MB_20251223_015021_HH_HV_GRD/metadata/product.xml,/Users/josephdum5pro/Documents/Dalhousie University/Computer Science/2026-9 Fall/2026 Space Hackathon/earth-in-motion-web/data/raw/rcm_level1/RCM2_OK3962369_PK3966326_1_SC30MB_20251223_015021_HH_HV_GRD/hashfile,GRD,292472809,25da1436daf178b9cb8ae167f681591cbdf3236435936c66cb86bfe2b2fd6039,True,,
