observation_id,mask,pixels,area_ha,fraction_of_valid_pct
20251214T142421Z,valid,40000,3600.0,100.0
20251214T142421Z,fixed_semantic_permanent_reference,10829,974.61,27.072499999999998
20251214T142421Z,egs_open_water_flood_reference,213,19.169999999999998,0.5325
20251214T142421Z,classified_water_before_semantic_subtraction,10597,953.73,26.492500000000003
20251214T142421Z,candidate_flood_before_cleanup,1746,157.14,4.365
20251214T142421Z,candidate_flood_after_cleanup,1392,125.28,3.4799999999999995
20251215T015036Z,valid,40000,3600.0,100.0
20251215T015036Z,fixed_semantic_permanent_reference,10829,974.61,27.072499999999998
20251215T015036Z,egs_open_water_flood_reference,563,50.669999999999995,1.4075
20251215T015036Z,classified_water_before_semantic_subtraction,9449,850.41,23.6225
20251215T015036Z,candidate_flood_before_cleanup,1163,104.67,2.9075
20251215T015036Z,candidate_flood_after_cleanup,949,85.41,2.3725
20251217T141634Z,valid,40000,3600.0,100.0
20251217T141634Z,fixed_semantic_permanent_reference,10829,974.61,27.072499999999998
20251217T141634Z,egs_open_water_flood_reference,414,37.26,1.035
20251217T141634Z,classified_water_before_semantic_subtraction,21222,1909.98,53.055
20251217T141634Z,candidate_flood_before_cleanup,10969,987.2099999999999,27.4225
20251217T141634Z,candidate_flood_after_cleanup,10779,970.11,26.9475
20251219T015011Z,valid,40000,3600.0,100.0
20251219T015011Z,fixed_semantic_permanent_reference,10829,974.61,27.072499999999998
20251219T015011Z,egs_open_water_flood_reference,323,29.07,0.8075000000000001
20251219T015011Z,classified_water_before_semantic_subtraction,10121,910.89,25.3025
20251219T015011Z,candidate_flood_before_cleanup,1818,163.62,4.545
20251219T015011Z,candidate_flood_after_cleanup,1562,140.57999999999998,3.9050000000000002
20251221T141646Z,valid,40000,3600.0,100.0
20251221T141646Z,fixed_semantic_permanent_reference,10829,974.61,27.072499999999998
20251221T141646Z,egs_open_water_flood_reference,228,20.52,0.5700000000000001
20251221T141646Z,classified_water_before_semantic_subtraction,18481,1663.29,46.2025
20251221T141646Z,candidate_flood_before_cleanup,8443,759.87,21.1075
20251221T141646Z,candidate_flood_after_cleanup,8110,729.9,20.275000000000002
