PNuid_NLidu,place_name,Latitude,Longitude,inside_aoi,distance_to_gain_m,within_50m,within_100m,within_250m
8094,Leq' a: mel,49.167069,-122.086376,True,303.78976399626407,False,False,False
50579,Deroche (Leq'á:mel First Nation),49.204003845,-122.034336213,False,1769.2959044953645,False,False,False
101226,Greendale,49.116477,-122.051256,False,2425.944560901201,False,False,False
101102,Atchelitz,49.116478,-122.017922,False,3239.7130038411924,False,False,False
50570,Shxwhá:y Village,49.168969803,-121.988923606,False,3759.728671602288,False,False,False
100617,Barrowtown,49.10408,-122.095306,False,3922.940203812886,False,False,False
50558,Aitchelitz,49.150417311,-121.986896773,False,3983.762844303498,False,False,False
101357,South Sumas,49.116478,-122.001254,False,4137.982031404329,False,False,False
50574,Squiala First Nation,49.158014,-121.979421,False,4476.296487731832,False,False,False
50580,Kwaw-kwaw-Apilt,49.166849682,-121.975245699,False,4761.263546657789,False,False,False
8097,Lake Errock,49.229102,-122.011596,False,4964.82540086651,False,False,False
50573,Skwah,49.178096535,-121.972258411,False,4984.2517788494515,False,False,False
101616,Dewdney,49.164676,-122.19724,False,5793.9629694849045,False,False,False
50568,Scowlitz (Sq'éwlets),49.2359419,-122.00245605,False,5941.023286303401,False,False,False
8066,Yarrow,49.083299,-122.049999,False,6109.60301289428,False,False,False
8059,Sardis,49.136678,-121.959138,False,6342.900252456129,False,False,False
101282,Minto Landing,49.199812,-121.951255,False,6596.963658363001,False,False,False
8062,Vedder Crossing,49.106244,-121.970806,False,6613.734078424236,False,False,False
101195,"Fairfield, Chilliwack",49.186111,-121.941667,False,7181.374354038704,False,False,False
8058,Chilliwack,49.175,-121.941701,False,7182.019002015079,False,False,False
50575,Tzeachten,49.111856,-121.953976,False,7401.258883878735,False,False,False
50571,Skowkale,49.141712689,-121.940579261,False,7486.05690664074,False,False,False
50576,Yakweakwioose,49.132367838,-121.936925503,False,8029.842955745006,False,False,False
50572,Soowahlie,49.081020085,-121.968958886,False,8560.654426970272,False,False,False
8100,Hatzic Island,49.162449,-122.236412,False,8612.455728583658,False,False,False
