date,source,documented_context,url
2025-12-10,EmergencyInfoBC,"Flood warning for the Sumas River and Lower Fraser tributaries, including Chilliwack, Abbotsford and Hope.",https://www.emergencyinfobc.gov.bc.ca/event/floodwatch-fraservalley-09122025/
2025-12-11,City of Abbotsford,"Highway 1 closed between Sumas Way and No. 3 Road; evacuation orders covered 82 Huntingdon and 371 Sumas Prairie West properties, with 1,069 properties on alert.",https://www.abbotsford.ca/city-hall/news-media/highway-1-closed-between-sumas-way-and-no-3-road-and-evacuation-orders
2025-12-13,Government of British Columbia,Provincial update documented Highway 1 reopening work and remaining water on eastbound lanes in the wider affected region.,https://news.gov.bc.ca/releases/2025TT0126-001250
2025-12-23,City of Abbotsford,"Event summary reported 485 properties under evacuation order, 1,069 on alert, property damage and livestock loss.",https://www.abbotsford.ca/council/your-council-community/blog/abbotsford-shows-resilience-and-compassion-face-disaster
2025-12-10,Fraser Valley Regional District,Wilson Road evacuation order described immediate danger from flooding due to the Chilliwack River.,https://www.emergencyinfobc.gov.bc.ca/app/uploads/sites/893/2025/12/2025-12-10-Evacuation-ORDER-and-ALERT-Wilson-Road-Area.pdf
2025-12-14,Government of British Columbia,Renewed atmospheric-river conditions provided official regional context for a secondary hydrologic pulse.,https://news.gov.bc.ca/releases/2025EMCR0057-001253
2025-12-17,BC River Forecast Centre,The advisory documented ongoing flood conditions and the beginning of easing in affected South Coast watersheds.,https://bcrfc.env.gov.bc.ca/warnings/advisories/FWN_2025_12_17_1100_SC_VI_mai.pdf
2025-12-20,Fraser Valley Regional District,Regional update supplied continuing event chronology without serving as pixel-level validation.,https://www.fvrd.ca/EN/meta/news/news-archives/2025/atmospheric-river-update-saturday-dec-20.html?media=contrast
2025-12-12 to 2025-12-22,Environment and Climate Change Canada WaterOffice,Mission and Chilliwack daily observations provide regional hydrologic context; Cannor has no selected-period daily series.,https://wateroffice.ec.gc.ca/services/
