scene,mode,reference,eligible_samples,edge_detected,window_edge_peaks,reliable_edges,offset_abs_n,offset_abs_p10,offset_abs_p25,offset_abs_p50,offset_abs_p75,offset_abs_p90,offset_abs_p95,median_signed_m,median_east_m,median_north_m,all_detected_abs_p95_m
20251214T142421Z,stripmap16_desc,ECCC_training_prior_consistency_only,235,216,2,214,214,6.0,12.0,27.0,45.0,57.0,60.0,9.0,0.0,16.970562748477143,63.75
20251214T142421Z,stripmap16_desc,FWA_independent_static,185,172,1,171,171,3.0,6.0,9.0,18.0,45.0,52.5,-9.0,0.37732898350062594,1.7064091041070126,55.349999999999966
20251215T015036Z,scansar30_asc,ECCC_training_prior_consistency_only,235,198,8,190,190,12.0,18.0,39.0,51.0,63.0,69.0,-4.5,0.0,23.33452377915607,72.0
20251215T015036Z,scansar30_asc,FWA_independent_static,185,170,1,169,169,3.0,9.0,21.0,36.0,48.0,60.0,-12.0,-2.106640334786594,11.832394069140753,60.0
20251217T141634Z,stripmap16_desc,ECCC_training_prior_consistency_only,235,216,7,209,209,6.0,12.0,21.0,42.0,54.0,60.0,12.0,0.0,12.727922061357857,66.75
20251217T141634Z,stripmap16_desc,FWA_independent_static,185,177,0,177,177,1.8000000000000043,3.0,9.0,18.0,34.20000000000002,54.0,-6.0,0.875615197238669,0.0,54.0
20251219T015011Z,scansar30_asc,ECCC_training_prior_consistency_only,235,178,3,175,175,10.200000000000006,18.0,33.0,51.0,63.0,69.0,-9.0,0.0,21.213203435596427,69.0
20251219T015011Z,scansar30_asc,FWA_independent_static,185,165,3,162,162,3.0,12.0,24.0,36.0,48.0,51.0,-3.0,-2.6202525415828717,15.582457422488293,61.19999999999985
20251221T141646Z,stripmap16_desc,ECCC_training_prior_consistency_only,235,218,3,215,215,3.0,12.0,27.0,42.0,57.0,63.0,12.0,0.0,14.849242404917499,63.44999999999993
20251221T141646Z,stripmap16_desc,FWA_independent_static,185,172,1,171,171,3.0,3.0,9.0,15.0,39.0,51.0,-6.0,0.303489681491884,1.3274930605724273,52.349999999999966
