observation_id,feature,importance
20251214T142421Z,sigma0_hh_db,0.3402353769836213
20251214T142421Z,sigma0_hv_db,0.5200452136208027
20251214T142421Z,hh_minus_hv_db,0.03359207079202402
20251214T142421Z,local_hh_std_db,0.10612733860355207
20251215T015036Z,sigma0_hh_db,0.33718759390493236
20251215T015036Z,sigma0_hv_db,0.4944333208949177
20251215T015036Z,hh_minus_hv_db,0.03558122359682383
20251215T015036Z,local_hh_std_db,0.13279786160332607
20251217T141634Z,sigma0_hh_db,0.39365084613652723
20251217T141634Z,sigma0_hv_db,0.5180672244807193
20251217T141634Z,hh_minus_hv_db,0.02136555207571273
20251217T141634Z,local_hh_std_db,0.0669163773070408
20251219T015011Z,sigma0_hh_db,0.31589401044210524
20251219T015011Z,sigma0_hv_db,0.47886219702038046
20251219T015011Z,hh_minus_hv_db,0.09043233585595951
20251219T015011Z,local_hh_std_db,0.11481145668155485
20251221T141646Z,sigma0_hh_db,0.38022107703730545
20251221T141646Z,sigma0_hv_db,0.5047639163426888
20251221T141646Z,hh_minus_hv_db,0.030359745727845774
20251221T141646Z,local_hh_std_db,0.08465526089215995
