observation_id,diagnostic,value,pixels,unit
20251214T142421Z,fn_forest_pct,65.625,96,percent_of_fn
20251214T142421Z,fn_wetland_pct,12.5,96,percent_of_fn
20251214T142421Z,fn_cropland_pct,25.0,96,percent_of_fn
20251214T142421Z,fn_mean_probability,0.8158941864967346,96,probability
20251215T015036Z,fn_forest_pct,47.63231197771588,359,percent_of_fn
20251215T015036Z,fn_wetland_pct,20.055710306406684,359,percent_of_fn
20251215T015036Z,fn_cropland_pct,13.09192200557103,359,percent_of_fn
20251215T015036Z,fn_mean_probability,0.7060648202896118,359,probability
20251217T141634Z,fn_forest_pct,27.102803738317757,214,percent_of_fn
20251217T141634Z,fn_wetland_pct,4.205607476635514,214,percent_of_fn
20251217T141634Z,fn_cropland_pct,63.55140186915888,214,percent_of_fn
20251217T141634Z,fn_mean_probability,0.7195756435394287,214,probability
20251219T015011Z,fn_forest_pct,46.02272727272727,176,percent_of_fn
20251219T015011Z,fn_wetland_pct,15.909090909090908,176,percent_of_fn
20251219T015011Z,fn_cropland_pct,3.409090909090909,176,percent_of_fn
20251219T015011Z,fn_mean_probability,0.6494893431663513,176,probability
20251221T141646Z,fn_forest_pct,58.8235294117647,85,percent_of_fn
20251221T141646Z,fn_wetland_pct,3.5294117647058822,85,percent_of_fn
20251221T141646Z,fn_cropland_pct,24.705882352941178,85,percent_of_fn
20251221T141646Z,fn_mean_probability,0.7795411944389343,85,probability
