heldout_observation_id,training_observation_ids,elevation_max_m,min_component_pixels,training_mean_iou,training_mean_abs_area_bias_pct,training_mean_recall
20251214T142421Z,"[""20251215T015036Z"", ""20251217T141634Z"", ""20251219T015011Z"", ""20251221T141646Z""]",,2,0.27511516798026664,228.87095412387987,0.8738562735717744
20251214T142421Z,"[""20251215T015036Z"", ""20251217T141634Z"", ""20251219T015011Z"", ""20251221T141646Z""]",,4,0.3183998301509773,165.02711724541436,0.8363764846387522
20251214T142421Z,"[""20251215T015036Z"", ""20251217T141634Z"", ""20251219T015011Z"", ""20251221T141646Z""]",3.0,2,0.14151532801568092,73.50614698827872,0.1571111462307622
20251214T142421Z,"[""20251215T015036Z"", ""20251217T141634Z"", ""20251219T015011Z"", ""20251221T141646Z""]",3.0,4,0.10848436162931775,83.38199809190313,0.11409745697862667
20251214T142421Z,"[""20251215T015036Z"", ""20251217T141634Z"", ""20251219T015011Z"", ""20251221T141646Z""]",5.0,2,0.34887146447929607,21.59408869991223,0.5171223690446788
20251214T142421Z,"[""20251215T015036Z"", ""20251217T141634Z"", ""20251219T015011Z"", ""20251221T141646Z""]",5.0,4,0.3820041360710019,25.78874964026931,0.48193442790553276
20251214T142421Z,"[""20251215T015036Z"", ""20251217T141634Z"", ""20251219T015011Z"", ""20251221T141646Z""]",7.0,2,0.32173065712084253,81.55534952646782,0.662659886727702
20251214T142421Z,"[""20251215T015036Z"", ""20251217T141634Z"", ""20251219T015011Z"", ""20251221T141646Z""]",7.0,4,0.36033480598557976,38.63522993661752,0.6068663819212112
20251214T142421Z,"[""20251215T015036Z"", ""20251217T141634Z"", ""20251219T015011Z"", ""20251221T141646Z""]",10.0,2,0.291652374637639,159.388186887709,0.7816861406725859
20251214T142421Z,"[""20251215T015036Z"", ""20251217T141634Z"", ""20251219T015011Z"", ""20251221T141646Z""]",10.0,4,0.33400901225621715,101.4604621135075,0.7332036383480343
20251215T015036Z,"[""20251214T142421Z"", ""20251217T141634Z"", ""20251219T015011Z"", ""20251221T141646Z""]",,2,0.23042833298351456,311.41583858755956,0.8860332430261563
20251215T015036Z,"[""20251214T142421Z"", ""20251217T141634Z"", ""20251219T015011Z"", ""20251221T141646Z""]",,4,0.2737479168268648,226.3739430194785,0.8579097696061053
20251215T015036Z,"[""20251214T142421Z"", ""20251217T141634Z"", ""20251219T015011Z"", ""20251221T141646Z""]",3.0,2,0.15148885979672352,67.46248418255152,0.17513372814021774
20251215T015036Z,"[""20251214T142421Z"", ""20251217T141634Z"", ""20251219T015011Z"", ""20251221T141646Z""]",3.0,4,0.12232900754943536,79.60986857114328,0.1313570238529335
20251215T015036Z,"[""20251214T142421Z"", ""20251217T141634Z"", ""20251219T015011Z"", ""20251221T141646Z""]",5.0,2,0.33107018903197305,31.041924322290672,0.5560903390911268
20251215T015036Z,"[""20251214T142421Z"", ""20251217T141634Z"", ""20251219T015011Z"", ""20251221T141646Z""]",5.0,4,0.3843850884519543,17.752074884809378,0.528672225919192
20251215T015036Z,"[""20251214T142421Z"", ""20251217T141634Z"", ""20251219T015011Z"", ""20251221T141646Z""]",7.0,2,0.284877858732434,126.26490347538333,0.6972561558760438
20251215T015036Z,"[""20251214T142421Z"", ""20251217T141634Z"", ""20251219T015011Z"", ""20251221T141646Z""]",7.0,4,0.33410998569010575,65.99557316829892,0.6454570139311512
20251215T015036Z,"[""20251214T142421Z"", ""20251217T141634Z"", ""20251219T015011Z"", ""20251221T141646Z""]",10.0,2,0.24746030146690728,234.06421820885078,0.8101324252480078
20251215T015036Z,"[""20251214T142421Z"", ""20251217T141634Z"", ""20251219T015011Z"", ""20251221T141646Z""]",10.0,4,0.29416223362982125,157.18453419549616,0.7720840492920882
20251217T141634Z,"[""20251214T142421Z"", ""20251215T015036Z"", ""20251219T015011Z"", ""20251221T141646Z""]",,2,0.22418701465662966,314.2565770401213,0.8817150202547711
20251217T141634Z,"[""20251214T142421Z"", ""20251215T015036Z"", ""20251219T015011Z"", ""20251221T141646Z""]",,4,0.26322824643877335,229.02912445777062,0.8497720755756781
20251217T141634Z,"[""20251214T142421Z"", ""20251215T015036Z"", ""20251219T015011Z"", ""20251221T141646Z""]",3.0,2,0.15589843551495836,67.66992190833044,0.1790969256415263
20251217T141634Z,"[""20251214T142421Z"", ""20251215T015036Z"", ""20251219T015011Z"", ""20251221T141646Z""]",3.0,4,0.12036143804127787,79.8991444483024,0.12924510615873144
20251217T141634Z,"[""20251214T142421Z"", ""20251215T015036Z"", ""20251219T015011Z"", ""20251221T141646Z""]",5.0,2,0.3248657078312838,37.139778296428524,0.534039086742168
20251217T141634Z,"[""20251214T142421Z"", ""20251215T015036Z"", ""20251219T015011Z"", ""20251221T141646Z""]",5.0,4,0.3632966530778047,22.384993771724712,0.49848542470760127
20251217T141634Z,"[""20251214T142421Z"", ""20251215T015036Z"", ""20251219T015011Z"", ""20251221T141646Z""]",7.0,2,0.28033506158637245,120.60498550659982,0.6759364057451885
20251217T141634Z,"[""20251214T142421Z"", ""20251215T015036Z"", ""20251219T015011Z"", ""20251221T141646Z""]",7.0,4,0.319050991911652,65.38473663866556,0.6175998649449576
20251217T141634Z,"[""20251214T142421Z"", ""20251215T015036Z"", ""20251219T015011Z"", ""20251221T141646Z""]",10.0,2,0.24651263031090276,233.1617461174838,0.8062915023110155
20251217T141634Z,"[""20251214T142421Z"", ""20251215T015036Z"", ""20251219T015011Z"", ""20251221T141646Z""]",10.0,4,0.28641681989055506,156.5797041356889,0.7604626027625407
20251219T015011Z,"[""20251214T142421Z"", ""20251215T015036Z"", ""20251217T141634Z"", ""20251221T141646Z""]",,2,0.26561684918991246,271.4119067540053,0.8968471600672178
20251219T015011Z,"[""20251214T142421Z"", ""20251215T015036Z"", ""20251217T141634Z"", ""20251221T141646Z""]",,4,0.3136664992023437,191.3425433417239,0.8659081638782762
20251219T015011Z,"[""20251214T142421Z"", ""20251215T015036Z"", ""20251217T141634Z"", ""20251221T141646Z""]",3.0,2,0.15189639344350975,70.09585032699005,0.1724020661569239
20251219T015011Z,"[""20251214T142421Z"", ""20251215T015036Z"", ""20251217T141634Z"", ""20251221T141646Z""]",3.0,4,0.11743808396332177,81.87507211914189,0.12459179555912928
20251219T015011Z,"[""20251214T142421Z"", ""20251215T015036Z"", ""20251217T141634Z"", ""20251221T141646Z""]",5.0,2,0.3443922087754365,35.87409276973883,0.5419192410922377
20251219T015011Z,"[""20251214T142421Z"", ""20251215T015036Z"", ""20251217T141634Z"", ""20251221T141646Z""]",5.0,4,0.3850972947318462,27.544952492054946,0.5054812817842229
20251219T015011Z,"[""20251214T142421Z"", ""20251215T015036Z"", ""20251217T141634Z"", ""20251221T141646Z""]",7.0,2,0.3260686792762775,101.68681946062384,0.7095864408927335
20251219T015011Z,"[""20251214T142421Z"", ""20251215T015036Z"", ""20251217T141634Z"", ""20251221T141646Z""]",7.0,4,0.3706128031088307,49.903925702544356,0.6489709183243566
20251219T015011Z,"[""20251214T142421Z"", ""20251215T015036Z"", ""20251217T141634Z"", ""20251221T141646Z""]",10.0,2,0.2791783507942615,200.52650285160382,0.8048986873665787
20251219T015011Z,"[""20251214T142421Z"", ""20251215T015036Z"", ""20251217T141634Z"", ""20251221T141646Z""]",10.0,4,0.32560501684589144,128.50373309128332,0.760584123529505
20251221T141646Z,"[""20251214T142421Z"", ""20251215T015036Z"", ""20251217T141634Z"", ""20251219T015011Z""]",,2,0.2619918268211214,264.6459108819723,0.8724663551136573
20251221T141646Z,"[""20251214T142421Z"", ""20251215T015036Z"", ""20251217T141634Z"", ""20251219T015011Z""]",,4,0.3037269524662778,191.05874561210572,0.8369478955604227
20251221T141646Z,"[""20251214T142421Z"", ""20251215T015036Z"", ""20251217T141634Z"", ""20251219T015011Z""]",3.0,2,0.14083481437582057,70.68924557982803,0.16066316006817263
20251221T141646Z,"[""20251214T142421Z"", ""20251215T015036Z"", ""20251217T141634Z"", ""20251219T015011Z""]",3.0,4,0.10818169819106108,81.06237862068988,0.11672285851062567
20251221T141646Z,"[""20251214T142421Z"", ""20251215T015036Z"", ""20251217T141634Z"", ""20251219T015011Z""]",5.0,2,0.31941404110315963,32.08797305869652,0.5014780646216495
20251221T141646Z,"[""20251214T142421Z"", ""20251215T015036Z"", ""20251217T141634Z"", ""20251219T015011Z""]",5.0,4,0.346566705284734,29.402537631373832,0.4624601259534695
20251221T141646Z,"[""20251214T142421Z"", ""20251215T015036Z"", ""20251217T141634Z"", ""20251219T015011Z""]",7.0,2,0.3031367327989623,98.92624154524717,0.6563743665893279
20251221T141646Z,"[""20251214T142421Z"", ""20251215T015036Z"", ""20251217T141634Z"", ""20251219T015011Z""]",7.0,4,0.3332230758094779,51.52286275104797,0.5940173579528396
20251221T141646Z,"[""20251214T142421Z"", ""20251215T015036Z"", ""20251217T141634Z"", ""20251219T015011Z""]",10.0,2,0.2725375486579185,196.3275864429351,0.7781959009888696
20251221T141646Z,"[""20251214T142421Z"", ""20251215T015036Z"", ""20251217T141634Z"", ""20251219T015011Z""]",10.0,4,0.30847966142060973,130.6580158570212,0.7280763835914246
