observation_id,subset,pixels,mean_probability,p05,p50,p95
20251214T142421Z,all_valid,40000,0.29860180616378784,0.0006686623673886061,0.050545744597911835,1.0
20251214T142421Z,stable_land,27990,0.09596999734640121,0.00033385559800080955,0.022174255922436714,0.5438399314880371
20251214T142421Z,stable_water,7619,0.9204834699630737,0.48311150074005127,0.9950688481330872,1.0
20251214T142421Z,raw_flood_candidate,1439,0.7298034429550171,0.5173912644386292,0.7199179530143738,0.9801812767982483
20251215T015036Z,all_valid,40000,0.30651527643203735,0.002630016300827265,0.06346531212329865,1.0
20251215T015036Z,stable_land,27990,0.10709065943956375,0.0020855613984167576,0.0323457233607769,0.5894020199775696
20251215T015036Z,stable_water,7619,0.9241152405738831,0.5283467173576355,0.9935532808303833,1.0
20251215T015036Z,raw_flood_candidate,1591,0.71736079454422,0.5182437300682068,0.7069804668426514,0.9667545557022095
20251217T141634Z,all_valid,40000,0.2824898362159729,1.3488737749867141e-05,0.018538855016231537,1.0
20251217T141634Z,stable_land,27990,0.0662732794880867,0.0,0.006139745935797691,0.4469676613807678
20251217T141634Z,stable_water,7619,0.9531108736991882,0.7135716676712036,0.9980880618095398,1.0
20251217T141634Z,raw_flood_candidate,1149,0.738158643245697,0.5191959142684937,0.711307942867279,0.9948504567146301
20251219T015011Z,all_valid,40000,0.30338332056999207,0.0009320669923909009,0.05928722023963928,0.9986026287078857
20251219T015011Z,stable_land,27990,0.10007943212985992,0.000641087768599391,0.027507420629262924,0.5456372499465942
20251219T015011Z,stable_water,7619,0.9374961256980896,0.5915158987045288,0.9927511215209961,0.9999725222587585
20251219T015011Z,raw_flood_candidate,1468,0.7141842246055603,0.5187731981277466,0.6935927271842957,0.9692018032073975
20251221T141646Z,all_valid,40000,0.2915346026420593,0.00046658271457999945,0.0382625088095665,1.0
20251221T141646Z,stable_land,27990,0.08459065854549408,0.00017726514488458633,0.015576845034956932,0.4785879850387573
20251221T141646Z,stable_water,7619,0.9320232272148132,0.5339759588241577,0.99810391664505,1.0
20251221T141646Z,raw_flood_candidate,1175,0.7230567932128906,0.5164257884025574,0.7052974104881287,0.9838777780532837
