observation_id,method,kind,diagnostic,category,pixels,area_ha,pct_of_kind
20251214T142421Z,phase3b_multisource_v1,FP,land_use,21,0,0.0,0.0
20251214T142421Z,phase3b_multisource_v1,FP,land_use,22,0,0.0,0.0
20251214T142421Z,phase3b_multisource_v1,FP,land_use,24,3,0.27,3.5714285714285716
20251214T142421Z,phase3b_multisource_v1,FP,land_use,25,7,0.63,8.333333333333334
20251214T142421Z,phase3b_multisource_v1,FP,land_use,28,2,0.18,2.380952380952381
20251214T142421Z,phase3b_multisource_v1,FP,land_use,29,0,0.0,0.0
20251214T142421Z,phase3b_multisource_v1,FP,land_use,31,29,2.61,34.523809523809526
20251214T142421Z,phase3b_multisource_v1,FP,land_use,41,25,2.25,29.761904761904763
20251214T142421Z,phase3b_multisource_v1,FP,land_use,42,10,0.8999999999999999,11.904761904761905
20251214T142421Z,phase3b_multisource_v1,FP,land_use,43,0,0.0,0.0
20251214T142421Z,phase3b_multisource_v1,FP,land_use,44,0,0.0,0.0
20251214T142421Z,phase3b_multisource_v1,FP,land_use,47,0,0.0,0.0
20251214T142421Z,phase3b_multisource_v1,FP,land_use,51,0,0.0,0.0
20251214T142421Z,phase3b_multisource_v1,FP,land_use,52,0,0.0,0.0
20251214T142421Z,phase3b_multisource_v1,FP,land_use,55,0,0.0,0.0
20251214T142421Z,phase3b_multisource_v1,FP,land_use,56,0,0.0,0.0
20251214T142421Z,phase3b_multisource_v1,FP,land_use,65,0,0.0,0.0
20251214T142421Z,phase3b_multisource_v1,FP,land_use,75,5,0.44999999999999996,5.9523809523809526
20251214T142421Z,phase3b_multisource_v1,FP,land_use,81,0,0.0,0.0
20251214T142421Z,phase3b_multisource_v1,FP,land_use,82,0,0.0,0.0
20251214T142421Z,phase3b_multisource_v1,FP,land_use,84,0,0.0,0.0
20251214T142421Z,phase3b_multisource_v1,FP,land_use,88,1,0.09,1.1904761904761905
20251214T142421Z,phase3b_multisource_v1,FP,land_use,89,0,0.0,0.0
20251214T142421Z,phase3b_multisource_v1,FP,land_use,91,2,0.18,2.380952380952381
20251214T142421Z,phase3b_multisource_v1,FP,elevation_band_m,<=3,24,2.16,28.571428571428573
20251214T142421Z,phase3b_multisource_v1,FP,elevation_band_m,3-5,60,5.3999999999999995,71.42857142857143
20251214T142421Z,phase3b_multisource_v1,FP,elevation_band_m,5-7,0,0.0,0.0
20251214T142421Z,phase3b_multisource_v1,FP,elevation_band_m,7-10,0,0.0,0.0
20251214T142421Z,phase3b_multisource_v1,FP,elevation_band_m,>10,0,0.0,0.0
20251214T142421Z,phase3b_multisource_v1,FP,hydro_distance_m,<=30,75,6.75,89.28571428571429
20251214T142421Z,phase3b_multisource_v1,FP,hydro_distance_m,30-60,2,0.18,2.380952380952381
20251214T142421Z,phase3b_multisource_v1,FP,hydro_distance_m,60-90,3,0.27,3.5714285714285716
20251214T142421Z,phase3b_multisource_v1,FP,hydro_distance_m,90-150,3,0.27,3.5714285714285716
20251214T142421Z,phase3b_multisource_v1,FP,hydro_distance_m,150-300,1,0.09,1.1904761904761905
20251214T142421Z,phase3b_multisource_v1,FP,hydro_distance_m,>300,0,0.0,0.0
20251215T015036Z,phase3b_multisource_v1,FP,land_use,21,0,0.0,0.0
20251215T015036Z,phase3b_multisource_v1,FP,land_use,22,0,0.0,0.0
20251215T015036Z,phase3b_multisource_v1,FP,land_use,24,1,0.09,6.666666666666667
20251215T015036Z,phase3b_multisource_v1,FP,land_use,25,0,0.0,0.0
20251215T015036Z,phase3b_multisource_v1,FP,land_use,28,0,0.0,0.0
20251215T015036Z,phase3b_multisource_v1,FP,land_use,29,0,0.0,0.0
20251215T015036Z,phase3b_multisource_v1,FP,land_use,31,3,0.27,20.0
20251215T015036Z,phase3b_multisource_v1,FP,land_use,41,6,0.54,40.0
20251215T015036Z,phase3b_multisource_v1,FP,land_use,42,3,0.27,20.0
20251215T015036Z,phase3b_multisource_v1,FP,land_use,43,0,0.0,0.0
20251215T015036Z,phase3b_multisource_v1,FP,land_use,44,0,0.0,0.0
20251215T015036Z,phase3b_multisource_v1,FP,land_use,47,0,0.0,0.0
20251215T015036Z,phase3b_multisource_v1,FP,land_use,51,0,0.0,0.0
20251215T015036Z,phase3b_multisource_v1,FP,land_use,52,0,0.0,0.0
20251215T015036Z,phase3b_multisource_v1,FP,land_use,55,0,0.0,0.0
20251215T015036Z,phase3b_multisource_v1,FP,land_use,56,0,0.0,0.0
20251215T015036Z,phase3b_multisource_v1,FP,land_use,65,0,0.0,0.0
20251215T015036Z,phase3b_multisource_v1,FP,land_use,75,2,0.18,13.333333333333334
20251215T015036Z,phase3b_multisource_v1,FP,land_use,81,0,0.0,0.0
20251215T015036Z,phase3b_multisource_v1,FP,land_use,82,0,0.0,0.0
20251215T015036Z,phase3b_multisource_v1,FP,land_use,84,0,0.0,0.0
20251215T015036Z,phase3b_multisource_v1,FP,land_use,88,0,0.0,0.0
20251215T015036Z,phase3b_multisource_v1,FP,land_use,89,0,0.0,0.0
20251215T015036Z,phase3b_multisource_v1,FP,land_use,91,0,0.0,0.0
20251215T015036Z,phase3b_multisource_v1,FP,elevation_band_m,<=3,6,0.54,40.0
20251215T015036Z,phase3b_multisource_v1,FP,elevation_band_m,3-5,9,0.8099999999999999,60.0
20251215T015036Z,phase3b_multisource_v1,FP,elevation_band_m,5-7,0,0.0,0.0
20251215T015036Z,phase3b_multisource_v1,FP,elevation_band_m,7-10,0,0.0,0.0
20251215T015036Z,phase3b_multisource_v1,FP,elevation_band_m,>10,0,0.0,0.0
20251215T015036Z,phase3b_multisource_v1,FP,hydro_distance_m,<=30,11,0.99,73.33333333333333
20251215T015036Z,phase3b_multisource_v1,FP,hydro_distance_m,30-60,1,0.09,6.666666666666667
20251215T015036Z,phase3b_multisource_v1,FP,hydro_distance_m,60-90,0,0.0,0.0
20251215T015036Z,phase3b_multisource_v1,FP,hydro_distance_m,90-150,3,0.27,20.0
20251215T015036Z,phase3b_multisource_v1,FP,hydro_distance_m,150-300,0,0.0,0.0
20251215T015036Z,phase3b_multisource_v1,FP,hydro_distance_m,>300,0,0.0,0.0
20251217T141634Z,phase3b_multisource_v1,FP,land_use,21,1,0.09,0.16474464579901152
20251217T141634Z,phase3b_multisource_v1,FP,land_use,22,1,0.09,0.16474464579901152
20251217T141634Z,phase3b_multisource_v1,FP,land_use,24,25,2.25,4.118616144975288
20251217T141634Z,phase3b_multisource_v1,FP,land_use,25,53,4.77,8.731466227347612
20251217T141634Z,phase3b_multisource_v1,FP,land_use,28,26,2.34,4.283360790774299
20251217T141634Z,phase3b_multisource_v1,FP,land_use,29,0,0.0,0.0
20251217T141634Z,phase3b_multisource_v1,FP,land_use,31,157,14.129999999999999,25.86490939044481
20251217T141634Z,phase3b_multisource_v1,FP,land_use,41,123,11.07,20.263591433278417
20251217T141634Z,phase3b_multisource_v1,FP,land_use,42,109,9.81,17.957166392092258
20251217T141634Z,phase3b_multisource_v1,FP,land_use,43,7,0.63,1.1532125205930808
20251217T141634Z,phase3b_multisource_v1,FP,land_use,44,1,0.09,0.16474464579901152
20251217T141634Z,phase3b_multisource_v1,FP,land_use,47,0,0.0,0.0
20251217T141634Z,phase3b_multisource_v1,FP,land_use,51,9,0.8099999999999999,1.4827018121911038
20251217T141634Z,phase3b_multisource_v1,FP,land_use,52,3,0.27,0.4942339373970346
20251217T141634Z,phase3b_multisource_v1,FP,land_use,55,0,0.0,0.0
20251217T141634Z,phase3b_multisource_v1,FP,land_use,56,0,0.0,0.0
20251217T141634Z,phase3b_multisource_v1,FP,land_use,65,6,0.54,0.9884678747940692
20251217T141634Z,phase3b_multisource_v1,FP,land_use,75,71,6.39,11.696869851729819
20251217T141634Z,phase3b_multisource_v1,FP,land_use,81,0,0.0,0.0
20251217T141634Z,phase3b_multisource_v1,FP,land_use,82,1,0.09,0.16474464579901152
20251217T141634Z,phase3b_multisource_v1,FP,land_use,84,0,0.0,0.0
20251217T141634Z,phase3b_multisource_v1,FP,land_use,88,4,0.36,0.6589785831960461
20251217T141634Z,phase3b_multisource_v1,FP,land_use,89,0,0.0,0.0
20251217T141634Z,phase3b_multisource_v1,FP,land_use,91,10,0.8999999999999999,1.6474464579901154
20251217T141634Z,phase3b_multisource_v1,FP,elevation_band_m,<=3,102,9.18,16.803953871499175
20251217T141634Z,phase3b_multisource_v1,FP,elevation_band_m,3-5,505,45.449999999999996,83.19604612850083
20251217T141634Z,phase3b_multisource_v1,FP,elevation_band_m,5-7,0,0.0,0.0
20251217T141634Z,phase3b_multisource_v1,FP,elevation_band_m,7-10,0,0.0,0.0
20251217T141634Z,phase3b_multisource_v1,FP,elevation_band_m,>10,0,0.0,0.0
20251217T141634Z,phase3b_multisource_v1,FP,hydro_distance_m,<=30,471,42.39,77.59472817133444
20251217T141634Z,phase3b_multisource_v1,FP,hydro_distance_m,30-60,42,3.78,6.919275123558484
20251217T141634Z,phase3b_multisource_v1,FP,hydro_distance_m,60-90,32,2.88,5.271828665568369
20251217T141634Z,phase3b_multisource_v1,FP,hydro_distance_m,90-150,40,3.5999999999999996,6.589785831960461
20251217T141634Z,phase3b_multisource_v1,FP,hydro_distance_m,150-300,17,1.53,2.800658978583196
20251217T141634Z,phase3b_multisource_v1,FP,hydro_distance_m,>300,5,0.44999999999999996,0.8237232289950577
20251219T015011Z,phase3b_multisource_v1,FP,land_use,21,1,0.09,1.0204081632653061
20251219T015011Z,phase3b_multisource_v1,FP,land_use,22,0,0.0,0.0
20251219T015011Z,phase3b_multisource_v1,FP,land_use,24,6,0.54,6.122448979591836
20251219T015011Z,phase3b_multisource_v1,FP,land_use,25,3,0.27,3.061224489795918
20251219T015011Z,phase3b_multisource_v1,FP,land_use,28,8,0.72,8.16326530612245
20251219T015011Z,phase3b_multisource_v1,FP,land_use,29,0,0.0,0.0
20251219T015011Z,phase3b_multisource_v1,FP,land_use,31,26,2.34,26.53061224489796
20251219T015011Z,phase3b_multisource_v1,FP,land_use,41,20,1.7999999999999998,20.408163265306122
20251219T015011Z,phase3b_multisource_v1,FP,land_use,42,21,1.89,21.428571428571427
20251219T015011Z,phase3b_multisource_v1,FP,land_use,43,0,0.0,0.0
20251219T015011Z,phase3b_multisource_v1,FP,land_use,44,0,0.0,0.0
20251219T015011Z,phase3b_multisource_v1,FP,land_use,47,0,0.0,0.0
20251219T015011Z,phase3b_multisource_v1,FP,land_use,51,0,0.0,0.0
20251219T015011Z,phase3b_multisource_v1,FP,land_use,52,0,0.0,0.0
20251219T015011Z,phase3b_multisource_v1,FP,land_use,55,0,0.0,0.0
20251219T015011Z,phase3b_multisource_v1,FP,land_use,56,0,0.0,0.0
20251219T015011Z,phase3b_multisource_v1,FP,land_use,65,0,0.0,0.0
20251219T015011Z,phase3b_multisource_v1,FP,land_use,75,12,1.08,12.244897959183673
20251219T015011Z,phase3b_multisource_v1,FP,land_use,81,0,0.0,0.0
20251219T015011Z,phase3b_multisource_v1,FP,land_use,82,0,0.0,0.0
20251219T015011Z,phase3b_multisource_v1,FP,land_use,84,0,0.0,0.0
20251219T015011Z,phase3b_multisource_v1,FP,land_use,88,0,0.0,0.0
20251219T015011Z,phase3b_multisource_v1,FP,land_use,89,0,0.0,0.0
20251219T015011Z,phase3b_multisource_v1,FP,land_use,91,1,0.09,1.0204081632653061
20251219T015011Z,phase3b_multisource_v1,FP,elevation_band_m,<=3,40,3.5999999999999996,40.816326530612244
20251219T015011Z,phase3b_multisource_v1,FP,elevation_band_m,3-5,58,5.22,59.183673469387756
20251219T015011Z,phase3b_multisource_v1,FP,elevation_band_m,5-7,0,0.0,0.0
20251219T015011Z,phase3b_multisource_v1,FP,elevation_band_m,7-10,0,0.0,0.0
20251219T015011Z,phase3b_multisource_v1,FP,elevation_band_m,>10,0,0.0,0.0
20251219T015011Z,phase3b_multisource_v1,FP,hydro_distance_m,<=30,94,8.459999999999999,95.91836734693878
20251219T015011Z,phase3b_multisource_v1,FP,hydro_distance_m,30-60,1,0.09,1.0204081632653061
20251219T015011Z,phase3b_multisource_v1,FP,hydro_distance_m,60-90,0,0.0,0.0
20251219T015011Z,phase3b_multisource_v1,FP,hydro_distance_m,90-150,2,0.18,2.0408163265306123
20251219T015011Z,phase3b_multisource_v1,FP,hydro_distance_m,150-300,1,0.09,1.0204081632653061
20251219T015011Z,phase3b_multisource_v1,FP,hydro_distance_m,>300,0,0.0,0.0
20251221T141646Z,phase3b_multisource_v1,FP,land_use,21,0,0.0,0.0
20251221T141646Z,phase3b_multisource_v1,FP,land_use,22,0,0.0,0.0
20251221T141646Z,phase3b_multisource_v1,FP,land_use,24,20,1.7999999999999998,3.8240917782026767
20251221T141646Z,phase3b_multisource_v1,FP,land_use,25,45,4.05,8.604206500956023
20251221T141646Z,phase3b_multisource_v1,FP,land_use,28,17,1.53,3.2504780114722753
20251221T141646Z,phase3b_multisource_v1,FP,land_use,29,0,0.0,0.0
20251221T141646Z,phase3b_multisource_v1,FP,land_use,31,128,11.52,24.47418738049713
20251221T141646Z,phase3b_multisource_v1,FP,land_use,41,113,10.17,21.606118546845124
20251221T141646Z,phase3b_multisource_v1,FP,land_use,42,107,9.629999999999999,20.45889101338432
20251221T141646Z,phase3b_multisource_v1,FP,land_use,43,2,0.18,0.3824091778202677
20251221T141646Z,phase3b_multisource_v1,FP,land_use,44,0,0.0,0.0
20251221T141646Z,phase3b_multisource_v1,FP,land_use,47,0,0.0,0.0
20251221T141646Z,phase3b_multisource_v1,FP,land_use,51,18,1.6199999999999999,3.4416826003824093
20251221T141646Z,phase3b_multisource_v1,FP,land_use,52,6,0.54,1.147227533460803
20251221T141646Z,phase3b_multisource_v1,FP,land_use,55,0,0.0,0.0
20251221T141646Z,phase3b_multisource_v1,FP,land_use,56,0,0.0,0.0
20251221T141646Z,phase3b_multisource_v1,FP,land_use,65,2,0.18,0.3824091778202677
20251221T141646Z,phase3b_multisource_v1,FP,land_use,75,51,4.59,9.751434034416826
20251221T141646Z,phase3b_multisource_v1,FP,land_use,81,0,0.0,0.0
20251221T141646Z,phase3b_multisource_v1,FP,land_use,82,1,0.09,0.19120458891013384
20251221T141646Z,phase3b_multisource_v1,FP,land_use,84,0,0.0,0.0
20251221T141646Z,phase3b_multisource_v1,FP,land_use,88,4,0.36,0.7648183556405354
20251221T141646Z,phase3b_multisource_v1,FP,land_use,89,0,0.0,0.0
20251221T141646Z,phase3b_multisource_v1,FP,land_use,91,9,0.8099999999999999,1.7208413001912046
20251221T141646Z,phase3b_multisource_v1,FP,elevation_band_m,<=3,94,8.459999999999999,17.97323135755258
20251221T141646Z,phase3b_multisource_v1,FP,elevation_band_m,3-5,429,38.61,82.02676864244742
20251221T141646Z,phase3b_multisource_v1,FP,elevation_band_m,5-7,0,0.0,0.0
20251221T141646Z,phase3b_multisource_v1,FP,elevation_band_m,7-10,0,0.0,0.0
20251221T141646Z,phase3b_multisource_v1,FP,elevation_band_m,>10,0,0.0,0.0
20251221T141646Z,phase3b_multisource_v1,FP,hydro_distance_m,<=30,403,36.269999999999996,77.05544933078394
20251221T141646Z,phase3b_multisource_v1,FP,hydro_distance_m,30-60,36,3.2399999999999998,6.8833652007648185
20251221T141646Z,phase3b_multisource_v1,FP,hydro_distance_m,60-90,25,2.25,4.780114722753346
20251221T141646Z,phase3b_multisource_v1,FP,hydro_distance_m,90-150,31,2.79,5.927342256214149
20251221T141646Z,phase3b_multisource_v1,FP,hydro_distance_m,150-300,21,1.89,4.015296367112811
20251221T141646Z,phase3b_multisource_v1,FP,hydro_distance_m,>300,7,0.63,1.338432122370937
