date,station_id,station_name,parameter,value,unit,symbol,distance_to_aoi_km,context_role,source_url
2025-12-12T08:00:00Z,08MH001,Chilliwack River at Vedder Crossing,water_level_daily_mean,2.609,m,,6.9,regional event context; not pixel-level validation,https://wateroffice.ec.gc.ca/services/real_time_data/csv/inline?stations%5B%5D=08MH024&stations%5B%5D=08MH001&parameters%5B%5D=3&parameters%5B%5D=6&start_date=2025-12-12%2000%3A00%3A00&end_date=2025-12-22%2023%3A59%3A59
2025-12-13T08:00:00Z,08MH001,Chilliwack River at Vedder Crossing,water_level_daily_mean,2.53,m,,6.9,regional event context; not pixel-level validation,https://wateroffice.ec.gc.ca/services/real_time_data/csv/inline?stations%5B%5D=08MH024&stations%5B%5D=08MH001&parameters%5B%5D=3&parameters%5B%5D=6&start_date=2025-12-12%2000%3A00%3A00&end_date=2025-12-22%2023%3A59%3A59
2025-12-14T08:00:00Z,08MH001,Chilliwack River at Vedder Crossing,water_level_daily_mean,2.465,m,,6.9,regional event context; not pixel-level validation,https://wateroffice.ec.gc.ca/services/real_time_data/csv/inline?stations%5B%5D=08MH024&stations%5B%5D=08MH001&parameters%5B%5D=3&parameters%5B%5D=6&start_date=2025-12-12%2000%3A00%3A00&end_date=2025-12-22%2023%3A59%3A59
2025-12-15T08:00:00Z,08MH001,Chilliwack River at Vedder Crossing,water_level_daily_mean,2.784,m,,6.9,regional event context; not pixel-level validation,https://wateroffice.ec.gc.ca/services/real_time_data/csv/inline?stations%5B%5D=08MH024&stations%5B%5D=08MH001&parameters%5B%5D=3&parameters%5B%5D=6&start_date=2025-12-12%2000%3A00%3A00&end_date=2025-12-22%2023%3A59%3A59
2025-12-16T08:00:00Z,08MH001,Chilliwack River at Vedder Crossing,water_level_daily_mean,2.817,m,,6.9,regional event context; not pixel-level validation,https://wateroffice.ec.gc.ca/services/real_time_data/csv/inline?stations%5B%5D=08MH024&stations%5B%5D=08MH001&parameters%5B%5D=3&parameters%5B%5D=6&start_date=2025-12-12%2000%3A00%3A00&end_date=2025-12-22%2023%3A59%3A59
2025-12-17T08:00:00Z,08MH001,Chilliwack River at Vedder Crossing,water_level_daily_mean,2.879,m,,6.9,regional event context; not pixel-level validation,https://wateroffice.ec.gc.ca/services/real_time_data/csv/inline?stations%5B%5D=08MH024&stations%5B%5D=08MH001&parameters%5B%5D=3&parameters%5B%5D=6&start_date=2025-12-12%2000%3A00%3A00&end_date=2025-12-22%2023%3A59%3A59
2025-12-18T08:00:00Z,08MH001,Chilliwack River at Vedder Crossing,water_level_daily_mean,2.726,m,,6.9,regional event context; not pixel-level validation,https://wateroffice.ec.gc.ca/services/real_time_data/csv/inline?stations%5B%5D=08MH024&stations%5B%5D=08MH001&parameters%5B%5D=3&parameters%5B%5D=6&start_date=2025-12-12%2000%3A00%3A00&end_date=2025-12-22%2023%3A59%3A59
2025-12-19T08:00:00Z,08MH001,Chilliwack River at Vedder Crossing,water_level_daily_mean,2.625,m,,6.9,regional event context; not pixel-level validation,https://wateroffice.ec.gc.ca/services/real_time_data/csv/inline?stations%5B%5D=08MH024&stations%5B%5D=08MH001&parameters%5B%5D=3&parameters%5B%5D=6&start_date=2025-12-12%2000%3A00%3A00&end_date=2025-12-22%2023%3A59%3A59
2025-12-20T08:00:00Z,08MH001,Chilliwack River at Vedder Crossing,water_level_daily_mean,2.496,m,,6.9,regional event context; not pixel-level validation,https://wateroffice.ec.gc.ca/services/real_time_data/csv/inline?stations%5B%5D=08MH024&stations%5B%5D=08MH001&parameters%5B%5D=3&parameters%5B%5D=6&start_date=2025-12-12%2000%3A00%3A00&end_date=2025-12-22%2023%3A59%3A59
2025-12-21T08:00:00Z,08MH001,Chilliwack River at Vedder Crossing,water_level_daily_mean,2.38,m,,6.9,regional event context; not pixel-level validation,https://wateroffice.ec.gc.ca/services/real_time_data/csv/inline?stations%5B%5D=08MH024&stations%5B%5D=08MH001&parameters%5B%5D=3&parameters%5B%5D=6&start_date=2025-12-12%2000%3A00%3A00&end_date=2025-12-22%2023%3A59%3A59
2025-12-22T08:00:00Z,08MH001,Chilliwack River at Vedder Crossing,water_level_daily_mean,2.31,m,,6.9,regional event context; not pixel-level validation,https://wateroffice.ec.gc.ca/services/real_time_data/csv/inline?stations%5B%5D=08MH024&stations%5B%5D=08MH001&parameters%5B%5D=3&parameters%5B%5D=6&start_date=2025-12-12%2000%3A00%3A00&end_date=2025-12-22%2023%3A59%3A59
2025-12-12T08:00:00Z,08MH001,Chilliwack River at Vedder Crossing,discharge_daily_mean,225.0,m3/s,,6.9,regional event context; not pixel-level validation,https://wateroffice.ec.gc.ca/services/real_time_data/csv/inline?stations%5B%5D=08MH024&stations%5B%5D=08MH001&parameters%5B%5D=3&parameters%5B%5D=6&start_date=2025-12-12%2000%3A00%3A00&end_date=2025-12-22%2023%3A59%3A59
2025-12-13T08:00:00Z,08MH001,Chilliwack River at Vedder Crossing,discharge_daily_mean,203.0,m3/s,,6.9,regional event context; not pixel-level validation,https://wateroffice.ec.gc.ca/services/real_time_data/csv/inline?stations%5B%5D=08MH024&stations%5B%5D=08MH001&parameters%5B%5D=3&parameters%5B%5D=6&start_date=2025-12-12%2000%3A00%3A00&end_date=2025-12-22%2023%3A59%3A59
2025-12-14T08:00:00Z,08MH001,Chilliwack River at Vedder Crossing,discharge_daily_mean,185.0,m3/s,,6.9,regional event context; not pixel-level validation,https://wateroffice.ec.gc.ca/services/real_time_data/csv/inline?stations%5B%5D=08MH024&stations%5B%5D=08MH001&parameters%5B%5D=3&parameters%5B%5D=6&start_date=2025-12-12%2000%3A00%3A00&end_date=2025-12-22%2023%3A59%3A59
2025-12-15T08:00:00Z,08MH001,Chilliwack River at Vedder Crossing,discharge_daily_mean,282.0,m3/s,,6.9,regional event context; not pixel-level validation,https://wateroffice.ec.gc.ca/services/real_time_data/csv/inline?stations%5B%5D=08MH024&stations%5B%5D=08MH001&parameters%5B%5D=3&parameters%5B%5D=6&start_date=2025-12-12%2000%3A00%3A00&end_date=2025-12-22%2023%3A59%3A59
2025-12-16T08:00:00Z,08MH001,Chilliwack River at Vedder Crossing,discharge_daily_mean,290.0,m3/s,,6.9,regional event context; not pixel-level validation,https://wateroffice.ec.gc.ca/services/real_time_data/csv/inline?stations%5B%5D=08MH024&stations%5B%5D=08MH001&parameters%5B%5D=3&parameters%5B%5D=6&start_date=2025-12-12%2000%3A00%3A00&end_date=2025-12-22%2023%3A59%3A59
2025-12-17T08:00:00Z,08MH001,Chilliwack River at Vedder Crossing,discharge_daily_mean,311.0,m3/s,,6.9,regional event context; not pixel-level validation,https://wateroffice.ec.gc.ca/services/real_time_data/csv/inline?stations%5B%5D=08MH024&stations%5B%5D=08MH001&parameters%5B%5D=3&parameters%5B%5D=6&start_date=2025-12-12%2000%3A00%3A00&end_date=2025-12-22%2023%3A59%3A59
2025-12-18T08:00:00Z,08MH001,Chilliwack River at Vedder Crossing,discharge_daily_mean,261.0,m3/s,,6.9,regional event context; not pixel-level validation,https://wateroffice.ec.gc.ca/services/real_time_data/csv/inline?stations%5B%5D=08MH024&stations%5B%5D=08MH001&parameters%5B%5D=3&parameters%5B%5D=6&start_date=2025-12-12%2000%3A00%3A00&end_date=2025-12-22%2023%3A59%3A59
2025-12-19T08:00:00Z,08MH001,Chilliwack River at Vedder Crossing,discharge_daily_mean,230.0,m3/s,,6.9,regional event context; not pixel-level validation,https://wateroffice.ec.gc.ca/services/real_time_data/csv/inline?stations%5B%5D=08MH024&stations%5B%5D=08MH001&parameters%5B%5D=3&parameters%5B%5D=6&start_date=2025-12-12%2000%3A00%3A00&end_date=2025-12-22%2023%3A59%3A59
2025-12-20T08:00:00Z,08MH001,Chilliwack River at Vedder Crossing,discharge_daily_mean,193.0,m3/s,,6.9,regional event context; not pixel-level validation,https://wateroffice.ec.gc.ca/services/real_time_data/csv/inline?stations%5B%5D=08MH024&stations%5B%5D=08MH001&parameters%5B%5D=3&parameters%5B%5D=6&start_date=2025-12-12%2000%3A00%3A00&end_date=2025-12-22%2023%3A59%3A59
2025-12-21T08:00:00Z,08MH001,Chilliwack River at Vedder Crossing,discharge_daily_mean,162.0,m3/s,,6.9,regional event context; not pixel-level validation,https://wateroffice.ec.gc.ca/services/real_time_data/csv/inline?stations%5B%5D=08MH024&stations%5B%5D=08MH001&parameters%5B%5D=3&parameters%5B%5D=6&start_date=2025-12-12%2000%3A00%3A00&end_date=2025-12-22%2023%3A59%3A59
2025-12-22T08:00:00Z,08MH001,Chilliwack River at Vedder Crossing,discharge_daily_mean,145.0,m3/s,,6.9,regional event context; not pixel-level validation,https://wateroffice.ec.gc.ca/services/real_time_data/csv/inline?stations%5B%5D=08MH024&stations%5B%5D=08MH001&parameters%5B%5D=3&parameters%5B%5D=6&start_date=2025-12-12%2000%3A00%3A00&end_date=2025-12-22%2023%3A59%3A59
2025-12-12T08:00:00Z,08MH024,Fraser River at Mission,water_level_daily_mean,1.552,m,,41.8,regional event context; not pixel-level validation,https://wateroffice.ec.gc.ca/services/real_time_data/csv/inline?stations%5B%5D=08MH024&stations%5B%5D=08MH001&parameters%5B%5D=3&parameters%5B%5D=6&start_date=2025-12-12%2000%3A00%3A00&end_date=2025-12-22%2023%3A59%3A59
2025-12-13T08:00:00Z,08MH024,Fraser River at Mission,water_level_daily_mean,1.383,m,,41.8,regional event context; not pixel-level validation,https://wateroffice.ec.gc.ca/services/real_time_data/csv/inline?stations%5B%5D=08MH024&stations%5B%5D=08MH001&parameters%5B%5D=3&parameters%5B%5D=6&start_date=2025-12-12%2000%3A00%3A00&end_date=2025-12-22%2023%3A59%3A59
2025-12-14T08:00:00Z,08MH024,Fraser River at Mission,water_level_daily_mean,1.394,m,,41.8,regional event context; not pixel-level validation,https://wateroffice.ec.gc.ca/services/real_time_data/csv/inline?stations%5B%5D=08MH024&stations%5B%5D=08MH001&parameters%5B%5D=3&parameters%5B%5D=6&start_date=2025-12-12%2000%3A00%3A00&end_date=2025-12-22%2023%3A59%3A59
2025-12-15T08:00:00Z,08MH024,Fraser River at Mission,water_level_daily_mean,1.961,m,,41.8,regional event context; not pixel-level validation,https://wateroffice.ec.gc.ca/services/real_time_data/csv/inline?stations%5B%5D=08MH024&stations%5B%5D=08MH001&parameters%5B%5D=3&parameters%5B%5D=6&start_date=2025-12-12%2000%3A00%3A00&end_date=2025-12-22%2023%3A59%3A59
2025-12-16T08:00:00Z,08MH024,Fraser River at Mission,water_level_daily_mean,2.287,m,,41.8,regional event context; not pixel-level validation,https://wateroffice.ec.gc.ca/services/real_time_data/csv/inline?stations%5B%5D=08MH024&stations%5B%5D=08MH001&parameters%5B%5D=3&parameters%5B%5D=6&start_date=2025-12-12%2000%3A00%3A00&end_date=2025-12-22%2023%3A59%3A59
2025-12-17T08:00:00Z,08MH024,Fraser River at Mission,water_level_daily_mean,2.458,m,,41.8,regional event context; not pixel-level validation,https://wateroffice.ec.gc.ca/services/real_time_data/csv/inline?stations%5B%5D=08MH024&stations%5B%5D=08MH001&parameters%5B%5D=3&parameters%5B%5D=6&start_date=2025-12-12%2000%3A00%3A00&end_date=2025-12-22%2023%3A59%3A59
2025-12-18T08:00:00Z,08MH024,Fraser River at Mission,water_level_daily_mean,2.184,m,,41.8,regional event context; not pixel-level validation,https://wateroffice.ec.gc.ca/services/real_time_data/csv/inline?stations%5B%5D=08MH024&stations%5B%5D=08MH001&parameters%5B%5D=3&parameters%5B%5D=6&start_date=2025-12-12%2000%3A00%3A00&end_date=2025-12-22%2023%3A59%3A59
2025-12-19T08:00:00Z,08MH024,Fraser River at Mission,water_level_daily_mean,2.009,m,,41.8,regional event context; not pixel-level validation,https://wateroffice.ec.gc.ca/services/real_time_data/csv/inline?stations%5B%5D=08MH024&stations%5B%5D=08MH001&parameters%5B%5D=3&parameters%5B%5D=6&start_date=2025-12-12%2000%3A00%3A00&end_date=2025-12-22%2023%3A59%3A59
2025-12-20T08:00:00Z,08MH024,Fraser River at Mission,water_level_daily_mean,1.866,m,,41.8,regional event context; not pixel-level validation,https://wateroffice.ec.gc.ca/services/real_time_data/csv/inline?stations%5B%5D=08MH024&stations%5B%5D=08MH001&parameters%5B%5D=3&parameters%5B%5D=6&start_date=2025-12-12%2000%3A00%3A00&end_date=2025-12-22%2023%3A59%3A59
2025-12-21T08:00:00Z,08MH024,Fraser River at Mission,water_level_daily_mean,1.883,m,,41.8,regional event context; not pixel-level validation,https://wateroffice.ec.gc.ca/services/real_time_data/csv/inline?stations%5B%5D=08MH024&stations%5B%5D=08MH001&parameters%5B%5D=3&parameters%5B%5D=6&start_date=2025-12-12%2000%3A00%3A00&end_date=2025-12-22%2023%3A59%3A59
2025-12-22T08:00:00Z,08MH024,Fraser River at Mission,water_level_daily_mean,1.767,m,,41.8,regional event context; not pixel-level validation,https://wateroffice.ec.gc.ca/services/real_time_data/csv/inline?stations%5B%5D=08MH024&stations%5B%5D=08MH001&parameters%5B%5D=3&parameters%5B%5D=6&start_date=2025-12-12%2000%3A00%3A00&end_date=2025-12-22%2023%3A59%3A59
