stage_id,stage_label,stage_kind,start_utc,end_utc,station_id,station_name,parameter,statistic,value,unit,anchor_timestamp_utc,confidence,interpretation,source_url
STAGE00,Background context,background_context,2025-12-07 00:00:00+00:00,2025-12-09 00:00:00+00:00,08MH001,Chilliwack River at Vedder Crossing,discharge_unit_value,max,120.0,m3/s,2025-12-08 23:30:00+00:00,high for regional station-stage timing,Regional context only; no pixel-level flood-area validation or satellite-peak claim.,https://wateroffice.ec.gc.ca/services/real_time_data/csv/inline?stations%5B%5D=08MH024&stations%5B%5D=08MH001&parameters%5B%5D=46&parameters%5B%5D=47&start_date=2025-12-07%2000%3A00%3A00&end_date=2025-12-22%2023%3A59%3A59
STAGE00,Background context,background_context,2025-12-07 00:00:00+00:00,2025-12-09 00:00:00+00:00,08MH001,Chilliwack River at Vedder Crossing,water_level_unit_value,max,2.506,m,2025-12-08 23:50:00+00:00,high for regional station-stage timing,Regional context only; no pixel-level flood-area validation or satellite-peak claim.,https://wateroffice.ec.gc.ca/services/real_time_data/csv/inline?stations%5B%5D=08MH024&stations%5B%5D=08MH001&parameters%5B%5D=46&parameters%5B%5D=47&start_date=2025-12-07%2000%3A00%3A00&end_date=2025-12-22%2023%3A59%3A59
STAGE00,Background context,background_context,2025-12-07 00:00:00+00:00,2025-12-09 00:00:00+00:00,08MH024,Fraser River at Mission,water_level_unit_value,max,2.193,m,2025-12-07 19:40:00+00:00,high for regional station-stage timing,Regional context only; no pixel-level flood-area validation or satellite-peak claim.,https://wateroffice.ec.gc.ca/services/real_time_data/csv/inline?stations%5B%5D=08MH024&stations%5B%5D=08MH001&parameters%5B%5D=46&parameters%5B%5D=47&start_date=2025-12-07%2000%3A00%3A00&end_date=2025-12-22%2023%3A59%3A59
STAGE01,First hydrologic pulse,first_hydrologic_pulse,2025-12-09 00:00:00+00:00,2025-12-13 00:00:00+00:00,08MH001,Chilliwack River at Vedder Crossing,discharge_unit_value,max,684.0,m3/s,2025-12-11 06:40:00+00:00,high for regional station-stage timing,Regional context only; no pixel-level flood-area validation or satellite-peak claim.,https://wateroffice.ec.gc.ca/services/real_time_data/csv/inline?stations%5B%5D=08MH024&stations%5B%5D=08MH001&parameters%5B%5D=46&parameters%5B%5D=47&start_date=2025-12-07%2000%3A00%3A00&end_date=2025-12-22%2023%3A59%3A59
STAGE01,First hydrologic pulse,first_hydrologic_pulse,2025-12-09 00:00:00+00:00,2025-12-13 00:00:00+00:00,08MH001,Chilliwack River at Vedder Crossing,water_level_unit_value,max,3.82,m,2025-12-11 06:40:00+00:00,high for regional station-stage timing,Regional context only; no pixel-level flood-area validation or satellite-peak claim.,https://wateroffice.ec.gc.ca/services/real_time_data/csv/inline?stations%5B%5D=08MH024&stations%5B%5D=08MH001&parameters%5B%5D=46&parameters%5B%5D=47&start_date=2025-12-07%2000%3A00%3A00&end_date=2025-12-22%2023%3A59%3A59
STAGE01,First hydrologic pulse,first_hydrologic_pulse,2025-12-09 00:00:00+00:00,2025-12-13 00:00:00+00:00,08MH024,Fraser River at Mission,water_level_unit_value,max,2.648,m,2025-12-11 22:00:00+00:00,high for regional station-stage timing,Regional context only; no pixel-level flood-area validation or satellite-peak claim.,https://wateroffice.ec.gc.ca/services/real_time_data/csv/inline?stations%5B%5D=08MH024&stations%5B%5D=08MH001&parameters%5B%5D=46&parameters%5B%5D=47&start_date=2025-12-07%2000%3A00%3A00&end_date=2025-12-22%2023%3A59%3A59
STAGE02,Inter-pulse low,inter_pulse_low,2025-12-13 00:00:00+00:00,2025-12-15 00:00:00+00:00,08MH001,Chilliwack River at Vedder Crossing,discharge_unit_value,min,172.0,m3/s,2025-12-14 22:05:00+00:00,high for regional station-stage timing,Regional context only; no pixel-level flood-area validation or satellite-peak claim.,https://wateroffice.ec.gc.ca/services/real_time_data/csv/inline?stations%5B%5D=08MH024&stations%5B%5D=08MH001&parameters%5B%5D=46&parameters%5B%5D=47&start_date=2025-12-07%2000%3A00%3A00&end_date=2025-12-22%2023%3A59%3A59
STAGE02,Inter-pulse low,inter_pulse_low,2025-12-13 00:00:00+00:00,2025-12-15 00:00:00+00:00,08MH001,Chilliwack River at Vedder Crossing,water_level_unit_value,min,2.417,m,2025-12-14 22:05:00+00:00,high for regional station-stage timing,Regional context only; no pixel-level flood-area validation or satellite-peak claim.,https://wateroffice.ec.gc.ca/services/real_time_data/csv/inline?stations%5B%5D=08MH024&stations%5B%5D=08MH001&parameters%5B%5D=46&parameters%5B%5D=47&start_date=2025-12-07%2000%3A00%3A00&end_date=2025-12-22%2023%3A59%3A59
STAGE02,Inter-pulse low,inter_pulse_low,2025-12-13 00:00:00+00:00,2025-12-15 00:00:00+00:00,08MH024,Fraser River at Mission,water_level_unit_value,min,0.942,m,2025-12-14 08:55:00+00:00,high for regional station-stage timing,Regional context only; no pixel-level flood-area validation or satellite-peak claim.,https://wateroffice.ec.gc.ca/services/real_time_data/csv/inline?stations%5B%5D=08MH024&stations%5B%5D=08MH001&parameters%5B%5D=46&parameters%5B%5D=47&start_date=2025-12-07%2000%3A00%3A00&end_date=2025-12-22%2023%3A59%3A59
STAGE03,Second hydrologic pulse,second_hydrologic_pulse,2025-12-15 00:00:00+00:00,2025-12-19 00:00:00+00:00,08MH001,Chilliwack River at Vedder Crossing,discharge_unit_value,max,377.0,m3/s,2025-12-17 15:30:00+00:00,high for regional station-stage timing,Regional context only; no pixel-level flood-area validation or satellite-peak claim.,https://wateroffice.ec.gc.ca/services/real_time_data/csv/inline?stations%5B%5D=08MH024&stations%5B%5D=08MH001&parameters%5B%5D=46&parameters%5B%5D=47&start_date=2025-12-07%2000%3A00%3A00&end_date=2025-12-22%2023%3A59%3A59
STAGE03,Second hydrologic pulse,second_hydrologic_pulse,2025-12-15 00:00:00+00:00,2025-12-19 00:00:00+00:00,08MH001,Chilliwack River at Vedder Crossing,water_level_unit_value,max,3.071,m,2025-12-17 15:30:00+00:00,high for regional station-stage timing,Regional context only; no pixel-level flood-area validation or satellite-peak claim.,https://wateroffice.ec.gc.ca/services/real_time_data/csv/inline?stations%5B%5D=08MH024&stations%5B%5D=08MH001&parameters%5B%5D=46&parameters%5B%5D=47&start_date=2025-12-07%2000%3A00%3A00&end_date=2025-12-22%2023%3A59%3A59
STAGE03,Second hydrologic pulse,second_hydrologic_pulse,2025-12-15 00:00:00+00:00,2025-12-19 00:00:00+00:00,08MH024,Fraser River at Mission,water_level_unit_value,max,2.926,m,2025-12-17 16:25:00+00:00,high for regional station-stage timing,Regional context only; no pixel-level flood-area validation or satellite-peak claim.,https://wateroffice.ec.gc.ca/services/real_time_data/csv/inline?stations%5B%5D=08MH024&stations%5B%5D=08MH001&parameters%5B%5D=46&parameters%5B%5D=47&start_date=2025-12-07%2000%3A00%3A00&end_date=2025-12-22%2023%3A59%3A59
STAGE04,Later decline,later_decline,2025-12-19 00:00:00+00:00,2025-12-23 00:00:00+00:00,08MH001,Chilliwack River at Vedder Crossing,discharge_unit_value,max,271.0,m3/s,2025-12-19 06:20:00+00:00,high for regional station-stage timing,Regional context only; no pixel-level flood-area validation or satellite-peak claim.,https://wateroffice.ec.gc.ca/services/real_time_data/csv/inline?stations%5B%5D=08MH024&stations%5B%5D=08MH001&parameters%5B%5D=46&parameters%5B%5D=47&start_date=2025-12-07%2000%3A00%3A00&end_date=2025-12-22%2023%3A59%3A59
STAGE04,Later decline,later_decline,2025-12-19 00:00:00+00:00,2025-12-23 00:00:00+00:00,08MH001,Chilliwack River at Vedder Crossing,water_level_unit_value,max,2.757,m,2025-12-19 06:20:00+00:00,high for regional station-stage timing,Regional context only; no pixel-level flood-area validation or satellite-peak claim.,https://wateroffice.ec.gc.ca/services/real_time_data/csv/inline?stations%5B%5D=08MH024&stations%5B%5D=08MH001&parameters%5B%5D=46&parameters%5B%5D=47&start_date=2025-12-07%2000%3A00%3A00&end_date=2025-12-22%2023%3A59%3A59
STAGE04,Later decline,later_decline,2025-12-19 00:00:00+00:00,2025-12-23 00:00:00+00:00,08MH024,Fraser River at Mission,water_level_unit_value,max,2.524,m,2025-12-21 19:10:00+00:00,high for regional station-stage timing,Regional context only; no pixel-level flood-area validation or satellite-peak claim.,https://wateroffice.ec.gc.ca/services/real_time_data/csv/inline?stations%5B%5D=08MH024&stations%5B%5D=08MH001&parameters%5B%5D=46&parameters%5B%5D=47&start_date=2025-12-07%2000%3A00%3A00&end_date=2025-12-22%2023%3A59%3A59
